Rank,Wallet Address,Buy Count,Sell Count,Total Buy SOL,Total Sell SOL,Net SOL (Modal),Sisa Token (Net),Realized Profit USD,Balance,Tags
1,9r75WXEnpgCdwq1Liq2CJquVpmmisjVXAzXZF8ZApMQT,1,1,12.8059,0.6327,12.1732,21824956.23,4584.04,0,"top_holder; paper_hands"
2,5SEB5MwY6Zhw2gmFvkjzqzQ8SuEMJDRqcPtxAjUEGXs3,1,0,11.8731,0.0000,11.8731,22985488.89,-233.24,22985488.887358,"top_holder"
3,5EPkHhzhokenzLw29PQki3H5wAZQg1WLbKUENYUvxk3T,6,0,9.8022,0.0000,9.8022,15011763.46,-7050.63,44.295705,"top_holder; bundler"
4,CxjoS8fKMTA75StAQEaqt1a1cPzLXyYzUgR8uedjyQAQ,2,1,7.0011,0.5039,6.4973,8357039.82,196.73,0,"paper_hands"
5,GrfNYaPbtPjzXoyi54CJVNVg2sWMt3HHywyFRU7Eu1h7,7,0,6.4204,0.0000,6.4204,9762575.00,1039.73,0,"axiom"
6,5yFPJTJe8DEPFQZwGHdhm1h4DaxLCT7MXDmUygzPDA7m,11,2,7.3568,0.9833,6.3736,11040594.15,-72.79,0.000001,"paper_hands; top_holder"
7,GZYE6zgcsZ9Vgdv9wqkw1oufXBMA5LpB1k13CnezkmU8,2,0,6.2675,0.0000,6.2675,9209744.19,1719.28,0,""
8,3Ze3DpxBbJqga4dXQUjN3pJjiFmJXkxA4zhhgJ324Kde,8,1,6.5490,0.3795,6.1695,5255015.86,-261.42,0,""
9,2LVMPutg4AaLK1AVYUt7CBBgjrhAnEGhy3q7XUUx4hBH,20,1,6.4210,0.9315,5.4896,7348625.12,5095.28,15.596852,"top_holder"
10,GrPuthJLpoZMfvD1JPWTCwFSKfsd65dUrwGckTnDry73,6,0,5.3618,0.0000,5.3618,7955449.21,1833.41,0,"axiom"
11,F7WrokG3Tas6SSQmMGDdRRU3EaDM7KKGDWDqUfmFk1JM,11,4,5.4552,0.8497,4.6054,8753403.41,17.11,0,"fresh_wallet; top_holder"
12,7JCe3GHwkEr3feHgtLXnmuJ1yB3A7coSeyynxTBgdG8k,2,0,4.5390,0.0000,4.5390,6983522.68,-271.22,0,""
13,CiTbEKA1fAMoctVjbFWWxCs7E1LtreSSfUH9EcKMZfSB,1,0,4.4555,0.0000,4.4555,5872280.01,1206.10,0,""
14,8GxtiRTVFT9KVUGLtJMoWTEBcZB3gfFAarTgp2Bm5yj,15,14,7.9556,3.9554,4.0002,7292874.48,-300.37,0,"paper_hands; fresh_wallet"
15,4FX7JDqfVCCmBTZvk8acABaRzwtXTzqcoxdecdbFkbbE,2,0,3.7436,0.0000,3.7436,7043242.98,255.06,6325522.393745,"fresh_wallet"
16,2A2BW92V75TmXuk2A9Tjq5DHL3uaeRnnNPfnSfstRYoS,8,0,3.5272,0.0000,3.5272,5065344.67,289.27,0,""
17,DgL8xYzHXafLbekw9hZNDXb1tCZ3v21WhHNwMdmg8BoH,2,0,3.5190,0.0000,3.5190,6350184.23,-283.54,0,"photon"
18,2ubkNUdBu3zwyw3LaDmU4eZ4k6rnNoZkPGSmTw8BdzVX,3,2,9.0180,5.5676,3.4504,0.00,-305.05,0,"trojan; top_holder"
19,H8GijqcNEFcZHNXbuPSJfHpn3b8Bic9scbXFVUCgVjxy,2,0,3.2925,0.0000,3.2925,4537932.42,491.43,0.000001,""
20,2Ju1JhcvpaPDL8r7n7P1hdXM8n8sQGgKsybpUv4S8sEg,9,2,4.2274,0.9999,3.2275,2302096.40,-1878.12,0,"top_holder"
21,CqF3gUDojKuVdd6zBk2GZBTG84aAQ2b7tYeeyS18Sd2Z,6,6,12.1402,8.9784,3.1618,3067017.33,-333.19,0,"paper_hands; bundler"
22,49foKJpRnZUaPKsDgnQhUFRMk7NX4zD5KgtVpxgvctLa,1,1,4.1309,1.1187,3.0122,1010220.64,-8497.08,0,"paper_hands"
23,6xdEAxPrLgyvkCKcC4UDBHpZSQRcK2YEQpHxeMFygXXe,1,0,2.9677,0.0000,2.9677,2513184.54,-1314.08,0,"gmgn"
24,5NnES4GhxHpV1gUJNvALqcg9VGdJYZhF34qgWvANRQpC,1,1,4.3755,1.4114,2.9641,2389672.07,-23.22,0,""
25,APUnpSv4HDpNPfed4dPqAnz75REWYbM5vTHaTnApLe1P,4,0,2.9377,0.0000,2.9377,5903650.53,665.98,0,"bluechip_owner"
26,4WHWfXvzLbzmkSDuaYWGrcDbQ2iPmC3cmcSM4AxvzZHa,22,0,2.8326,0.0000,2.8326,4954279.34,842.51,0,"gmgn"
27,AKfYQj8WyQa95aknJ1TJS9LRbZuXiB75pSpayaftEv4q,3,2,3.5525,0.7465,2.8060,4484329.32,-196.84,0,""
28,2snHHreXbpJ7UwZxPe37gnUNf7Wx7wv6UKDSR2JckKuS,1,0,2.8044,0.0000,2.8044,5527534.10,272.49,1437139.976769,""
29,EMvZZQ3MbUin9PMqoqGomTdHSi3a817nR2M6EFkpBrSb,2,1,2.6730,0.0837,2.5893,3974597.78,287.98,0,""
30,CEkwxzurxAUUddwSrdWt61F8kHMJs8zS43eEG4GfUHba,11,0,2.5429,0.0000,2.5429,4384426.30,678.33,0,""
31,7YsWDE3G1N8xTjiwx6SGVtwwSLWX4Js4bQhGWU8bB8DD,2,1,3.5604,1.0272,2.5332,1986974.05,271.18,0,""
32,9WUnmt1GkwZ4ycgxzJETHH85YA9ESYWtzSk8pwyVRh1K,6,1,2.5872,0.0620,2.5251,4440299.36,-132.62,0,""
33,AvtEQoPFfpySGeokGVxsAuYMbHywwCK2EWYZei3HdGKQ,2,1,2.6823,0.2181,2.4642,6058218.27,-38.41,0,"paper_hands"
34,AWhCEMWeD3Tpg6484pxU93T2M6HqvgtiZfsi28mNG5JB,8,1,3.4098,0.9509,2.4588,3512962.95,-133.03,0,"fresh_wallet; top_holder"
35,h8dSJb34218BcF1xcXWcLtubWM39Y5dgPSVkaxsZQ9G,8,1,2.6338,0.2510,2.3828,4169494.55,-329.77,0,"top_holder"
36,ebZRtCmGBefPCrj5kJMZBUSDYrsjTweT5EVspfLMuPA,20,9,20.3358,17.9694,2.3664,7359517.44,-212.13,0,"bundler; paper_hands"
37,HZBmjtgG8MDownvB9wTLTRN2stjozUBwDaBUhUpybvrm,3,0,2.2803,0.0000,2.2803,3795089.76,0.00,0,"bundler"
38,G7ckwKimxD6YTqC7SPW8nhyHy82DguUTTqpmJLgxS9fY,7,5,14.8619,12.5821,2.2797,5652582.65,299.93,0,"paper_hands"
39,5jahCqsAv9MSDeoE8sAhY2HP1dakWTW2zcpxe63nYsUq,1,0,2.1853,0.0000,2.1853,3486028.81,0.00,0,""
40,ByEHaHni25fE99pJ8JMoD2nwyKyX9XuYUgRQ2kDsmiLh,3,2,2.2718,0.1119,2.1600,1756176.63,13.65,0,"paper_hands"
41,3HDXRsbqn5atZ3BojDmK7gnE3EZPJ9MCfDCVxfMvtQxz,2,0,2.1597,0.0000,2.1597,2821643.15,1010.46,0,""
42,BKRu7LmcpstcYmYLc1T5RYAmuxgii3VPZwHDwdCxCJKD,6,2,3.2403,1.1532,2.0871,3963775.50,1023.03,0,"bundler"
43,3i51cKbLbaKAqvRJdCUaq9hsnvf9kqCfMujNgFj7nRKt,4,1,2.4468,0.4247,2.0221,3653568.25,-241.01,0,""
44,3VnBCTcLhxPCmQaa2rNRwBNyK6EMwdbUH2a6tcZcfSco,8,1,8.3246,6.3082,2.0164,-1774585.46,-149.95,0,"top_holder"
45,547iYhG1NwZRKFUWG65DRqhG6bkNdFSJuHraxvr9x7Ct,14,0,1.9204,0.0000,1.9204,3927570.87,336.68,0,""
46,6VPCqi7ioWdJHccinihT2mTAJJFeH1SLkTHCeuzU1kMe,2,1,2.0382,0.1405,1.8977,3088537.05,-41.18,0,""
47,H55tLdMYWMnoWqNdkaSTqBH9WP6e75niPcTKEUWUkRTd,1,1,1.9802,0.0914,1.8888,1276039.31,-1168.46,0,""
48,9LGjXs2u3c9sVtaJDm22EzyhyzQoPjvaFJHs4LJWg9EB,3,1,2.1208,0.2524,1.8684,3334984.82,-151.87,0,""
49,2frZziq1ytRd5preqhqDZwFPqcFmQfHyM2Kg2vpfT3Up,1,1,2.6133,0.8208,1.7924,1527756.34,-1343.93,0,"fresh_wallet; top_holder; bundler"
50,DL416eahg8bYPEGh1TiLrs31rcCFQdFYMkX37t2YkfFW,1,1,2.8713,1.1000,1.7713,0.00,29.76,0,"bundler"
51,BJBqh7fsnsnKuJ6VVXfD4WUL1TNrnNCPWcWeqSjjiCnM,22,9,2.5885,0.8182,1.7703,2079969.11,177.11,0,""
52,2opUcSYeiis8Lnhz2bcsxf8HVttRJGN3UJddxHz8uj3B,1,0,1.7593,0.0000,1.7593,1561271.09,34.68,0,""
53,GmzSVQ3CnxNF9PRuyFvWDFr2BpEhZeQv8HMCvGPbjRQa,3,1,5.5324,3.7844,1.7480,5277458.58,219.04,0,""
54,22vUg3Me5ypXk4j6Ro1qAk7hHMQTNAHthChJyMjmejVD,1,0,1.6610,0.0000,1.6610,3478850.22,11.31,0,""
55,4skhkn5456RCRDWdhzxeNoWdL52TeqxmpHtUKfJreD3o,3,0,1.6546,0.0000,1.6546,3663117.98,-15.09,0,"axiom; padre"
56,AfHNjAnXJKkQ4yrBDop77A3UaLZgFmGKhaSDZC4Msrvk,1,0,1.6304,0.0000,1.6304,3170214.87,0.00,0,"bundler"
57,3PEbzCEYKS1PionDfQGmTsgeDjJx6kky9sryF8Wof26D,1,0,1.6004,0.0000,1.6004,2499776.74,3441.75,0,""
58,3M4BskRoEjD2EJHUru1gkxorEy5eNLT5iNQS5CQop1A3,2,0,1.5954,0.0000,1.5954,3598349.18,871.22,0,"paper_hands"
59,9z5o33hPsBFxKtn2tEb5oHBcHQNAZBzLodvdTcNcTrbe,3,1,2.4731,0.9202,1.5528,3251131.56,81.17,0,"pepeboost; gmgn; paper_hands"
60,7WDNugY54rJra1sbjMxZdqENajG1GNFiMsDGvBVjYre,3,1,1.5624,0.0195,1.5429,1446750.67,-129.47,0,"fresh_wallet"
61,275Eq5DKEdnD8Z4kiji3zzeuRwDLzhruiykvTYjYHxLs,8,1,4.7526,3.2148,1.5377,2728982.28,65.46,0,""
62,CgceH1t9zgC3QFALBdqYXAcY6xN6BxajEoNkHfCBzckf,10,6,2.4030,0.8992,1.5038,2747104.22,168.33,0,"paper_hands"
63,AgTGcmsrtxnfAJLQkexRaQ7Rgfv4DECmA3m3mQ7DhZb3,3,1,1.6080,0.1603,1.4477,1294675.96,-670.68,0.000001,""
64,4wrxUdfX9nHmr3NiiWJS2tEnRWC9sd5KnMrcNTQjaU5T,1,0,1.3171,0.0000,1.3171,1095808.83,131.41,11.775039,""
65,CpzqSPJgFLYFYn6auiyp5aR6rxh67EzWLuJ7AZ5c1YbB,23,15,6.2008,4.9469,1.2539,3896789.18,31.23,0,""
66,GSASoWSf7PviLEXQsDwrqgX3URU7fJaWsFi1Y4fPgBF4,1,0,1.2502,0.0000,1.2502,2604539.98,-126.00,0,""
67,6bRV7aLaZDejnqAJYptrtad3gRn2RLfLFSnY5vqXMsur,3,0,1.2417,0.0000,1.2417,1144039.46,170.74,0,""
68,3A7XXzMpix4F7gg6681nPT3eJ9UPUYABe2wwmjegdCzm,6,1,2.7229,1.4867,1.2362,0.00,-108.80,0,"gmgn"
69,CcMC5E8UZFW8sLoagxtJEFnxjZ4XwM2xGhpF1e79sj9M,41,40,40.4606,39.2319,1.2287,1917597.89,-468.34,0,"paper_hands; bundler"
70,5T229oePmJGE5Cefys8jE9Jq8C7qfGNNWy3RVA7SmwEP,3,2,9.3977,8.1835,1.2142,0.00,-121.24,0,"gmgn; axiom; top_holder"
71,8ftDQgdejiE3nYSaJ6AMHh66kTvbw5Dstckk12vbXgD,1,0,1.1851,0.0000,1.1851,2005665.19,-86.99,0,"gmgn"
72,ByM6EJrQrqgqzt54VFUyZXq4SZWibCPxcyoNxgfjfqyT,1,0,1.1665,0.0000,1.1665,1843096.14,359.13,0,"axiom"
73,9cEktXJwfWnpk3CJx3CvrZ2uMgypaJFpdUWdh7Qcf4pM,1,0,1.1513,0.0000,1.1513,1619554.99,196.41,0,""
74,7XEo2KxFzxrKQnYibhx6PsPgvKewJHsBsSATEaGbfY4P,78,78,70.3750,69.2834,1.0916,0.00,-298.80,0,"bundler; paper_hands"
75,BXPzmSx6kdvaschL6oRUhpxABGLbVYnycdFUDSKrHcK7,1,0,1.0891,0.0000,1.0891,2505137.59,80.03,0,""
76,C8ihyZZ1APhfhVJg1MoSLGU1ozbRCW9RMpnQEypEkhEJ,1,0,1.0782,0.0000,1.0782,1060662.72,-437.04,0,""
77,2mm2Uo6XHYcyRTqcsV7b6s1bmpAipop6h9moVmmJoA1o,4,1,1.9214,0.8560,1.0653,1666050.53,115.69,0,"fresh_wallet"
78,BD8pLGp27TvEPC4eQzGAFWRFMTfDoJung7MxbekDwf7T,1,1,1.1544,0.0991,1.0552,1895538.02,-13.27,0.000001,""
79,34Ew63AkDKdKVzncFjYbL9W3EKSCXnwr9PmsrVq4PuaG,1,1,1.0659,0.0704,0.9955,2191834.82,30.22,0,""
80,G7mNUJJcnxMHseReT6gez3fN8D61ikmdnmxYrXadSmh4,1,0,0.9842,0.0000,0.9842,1423660.74,83.70,0,""
81,9QbU5SpPZvgSDaREYWK5wkiUUhyRh4LtHo2oBE1kSX1C,7,0,0.9749,0.0000,0.9749,2146016.50,397.74,0,"gmgn"
82,H7Gf7Do9V1JAserdmddAR9PsvVyk6UsqnstFJfgBUAt1,2,1,1.0689,0.1097,0.9592,2134813.42,294.24,0,"fresh_wallet; paper_hands"
83,GJyraSLZCSyd6m9s1uVNisHKNsy8fCFGm96sYRsGk9nQ,1,0,0.9571,0.0000,0.9571,1577491.52,-8.46,0,""
84,FUCKYGMKz45sfS7eZ2e4HcaZ9nDCNkq69J5w7QCSBscm,6,1,0.9526,0.0343,0.9183,1682122.23,124.35,0,"gmgn"
85,FioQpTQKPepSw5rWypQjiTS7x3RAqRmXRj867y96Xnsd,1,0,0.9101,0.0000,0.9101,1373821.37,558.75,0,"gmgn"
86,CDSSRUvk3jq6NJRuTzzQ5QowJmELS8A88mP94UNTXHo4,1,1,1.6207,0.7142,0.9066,2104738.46,-243.96,0,"top_holder"
87,8rPDDSgX8WtTyKqPj54jRAp17Tv3JvgECQ1gZAXErk6A,7,3,4.0152,3.1116,0.9036,1684005.95,6.59,0,"paper_hands"
88,Dx1vQbFe35USbNtUV9Muw4U17SJjTkXRoiPAmAbeJavw,5,0,0.8911,0.0000,0.8911,1435738.74,309.81,0,""
89,92QiUpEfvLcGozjHyzsYayuyE1Q4z2N5WwronuK7kpP2,1,1,0.9802,0.0900,0.8902,1463841.72,-11.85,0,"fresh_wallet"
90,86Lx2s8eSqgWB2GkPkBzvWBUHDmRodJ68XU3wV1QBDWL,1,1,0.9462,0.0614,0.8848,1204600.21,-5.21,0,""
91,CnNsozbA7gNWYPpFJtjxqD6i1JNcQzJXKnF9EJtKG639,1,0,0.8816,0.0000,0.8816,1514107.56,-70.25,0,""
92,7L1kFGoK9yaQE9h6JWmjaMvuWbkNA7H6yX65vMJ6VgS4,4,4,2.2376,1.3635,0.8740,1096687.62,7.06,0,"paper_hands"
93,56YSRyS5mKPTHmBkMxy5MZeDHvjLQC6pNGwT2gQag3vs,1,1,7.0744,6.2116,0.8627,448877.25,-46.19,0,""
94,81LhQqssmEz66gy22e8n3Gc3eMkzsPYs4UfUT9yXAsTa,2,0,0.8584,0.0000,0.8584,1782649.98,80.20,0,""
95,DtMz2Axib5jn8oMPNkahGDxN7pjXb1d3HaUbVeXZqvpW,2,1,1.0352,0.1953,0.8400,1164775.92,-13.80,0,"bundler"
96,BBF6yAFVZtDYgaKSpkRD8kJ3NXqK9CxrPpF74LcgF58Y,2,0,0.8290,0.0000,0.8290,1251128.23,134.32,0,""
97,7jVp6cWbzuPmnPQSZRXMKSGdeyMhmwL29jN1zKzHiLXb,4,3,8.0490,7.2208,0.8281,0.00,-201.70,0,"paper_hands"
98,AfZGE4jHXtrpDDte7PLB6hfaTDz1yGLcNYAQ74ZhZzxe,1,0,0.8263,0.0000,0.8263,1657332.38,-10.01,0,""
99,4G1mPv5t78A7DWiXxnFpYUJhjcPZNr6s28hxHbDAiKRT,1,0,0.8116,0.0000,0.8116,1403404.51,13.41,1547613.615537,""
100,DQXLN3YkpJMWn9bEA7RHE2PpWTkV9R8TjjJVjcm4BaDH,6,5,1.2867,0.4790,0.8078,1020933.47,145.11,0,"bundler"
101,5SLrjZJtpfNVitqn6R8Uf1ndjmzhfoRNT3MxFr1E9H9z,2,4,2.7502,1.9787,0.7715,-1360524.53,-1174.79,0,"bundler"
102,GzdF9rTPhmUuG2E4kq6JXjB8mPngHsvqMJGHdmk9j3aQ,4,1,0.8433,0.0983,0.7449,1068107.90,-6.78,0,"bluechip_owner"
103,4SHRCZuEt3QyMFHTVyXxmHMkgYVpwkiEcRkpX9hkgLti,1,0,0.7363,0.0000,0.7363,1872760.88,-1104.65,0,"top_holder"
104,6PVBbxAyw1x7y1X6QPD64L71maFTUtggD8ncSBdWhAz3,2,1,1.5842,0.8792,0.7049,0.00,-36.20,0,""
105,DJKjXuafyGbgmNVwGmzrG8hANAf623K7MRbHJg6qvKHi,7,0,0.7010,0.0000,0.7010,1454999.61,-276.47,0,""
106,7h5V2DwD44ihQ2rAydUyGYi1brEidsswn4Ed1ffeuDp,31,23,10.2032,9.5102,0.6930,2857902.39,163.78,0,"bluechip_owner; bundler"
107,HV56TXHsEzNd1bpia84zGkrhvSVuBayG5vh9KjneoYMf,1,1,2.9370,2.2503,0.6868,0.00,-98.44,0,"smart_degen; bullx"
108,4yq47wRaLaqoPRE8R1pHc8GizzHN4dpkHHPJHziThNBQ,10,0,0.6815,0.0000,0.6815,1174672.47,605.93,0,"bundler"
109,6cZVYb8NdsZQfyQ34GgSmehjJKxfLh8uRwmZdzksGH46,1,0,0.6811,0.0000,0.6811,1087402.03,-11.40,0,""
110,7ZfEMV2bBRzqBBGzjGCzRVRTaKT7HeANr71rsQTSdH61,1,1,0.9892,0.3085,0.6807,0.00,-148.23,0,"gmgn; paper_hands"
111,J9k6JCLG3PyvxFw7gDvBXNKMPsWHxRyo5qXKrj8WFsry,3,1,5.1102,4.4690,0.6412,0.00,-62.20,0,"trojan; paper_hands"
112,13mct5e7QPRpEiN4BvnF35SdpCyDMLZWe2dUjmNNX8UM,1,1,1.4152,0.7747,0.6405,0.00,5.82,0,"paper_hands"
113,ATrsjJjGYmHmk93ve1b3hKEpNRoL9rzn2WQyrEJ58yZd,9,7,3.2416,2.6186,0.6230,1054.47,971.18,0,"paper_hands"
114,9RNaar7ifYeBskthC7jEhZ5Gu1ZM5W6n6XWPPcg2hC8e,1,0,0.6197,0.0000,0.6197,872417.32,143.81,0,""
115,Ef9LYHnbYrPceVgCfismaXWxhD3xKubc5NF9H2hpCC4g,5,8,1.6884,1.0907,0.5977,1352276.07,482.45,0,""
116,EpfnaKiXzmueFbG9FTYBHnF8faHEpZgKjAnNzqZBDh2N,1,1,3.4472,2.8528,0.5944,-1149989.26,-191.39,0,""
117,ARqJ18xaBLrEJYARaYHxfRKSi1pB7dZjwq1NW6Fiuieb,118,118,78.5780,77.9852,0.5928,0.00,213.09,0,"paper_hands; bundler"
118,BK6ckh2ZxvTJ1UjisPGLzZwuTtXzfZTXdgw87WV4Srv6,1,1,1.2079,0.6196,0.5884,0.00,-52.09,0,"bullx"
119,GU74wzC8arb974qCLQvsCgjx9w9xFYTdLtps9H4oEMf5,14,7,2.0608,1.4917,0.5691,590459.10,339.86,0,"sandwich_bot; paper_hands"
120,5qSKgNE37hoakk5dftdHt36xJUdXsCDjGU8bVSwL3X5y,3,2,1.2330,0.6761,0.5569,1007312.65,28.69,0,"paper_hands"
121,FHJnj9y8yPeRnYMq3QWcgyyptm1Yz1ct3g4we4i6zux6,1,0,0.5538,0.0000,0.5538,1034967.86,-23.64,0,""
122,2PJJ7JRuFFso41ytn7qn4TKEgMreJGxBVccAaAGg5A58,54,5,0.6503,0.0967,0.5535,1015644.72,265.49,0,"trojan"
123,9vJWkCiYp4YTTfFxpk3vwVsTHmh9TuusobxepoTyfNLD,2,0,0.5460,0.0000,0.5460,593287.93,-46.00,0,""
124,HT7Dv7dJRsfH43rjVWNnW6339ZjEYidx1SugEDm7NyiR,57,57,42.4757,41.9347,0.5410,0.00,-168.11,0,"bundler; paper_hands"
125,2wPWabq5zf3jnTKAgcw3CUzEx1o3ZkmedQoiNdwuBUJZ,2,1,1.2310,0.6909,0.5401,815484.92,92.49,0,"bluechip_owner"
126,E3VcJvCcgWmv8jbWbZuTHY7HcBWf1ruBfHoBFuoPKDcC,1,0,0.5376,0.0000,0.5376,1032743.76,-55.43,1032743.764023,"diamond_hands"
127,EtZX5Uwxn8rJdqo985AE69ZYHptR8SboyVPtoZGnzLCE,2,2,1.7250,1.1903,0.5347,0.00,-48.54,0,"gmgn"
128,7FeKCforWvN3WVQuNoThPgd5TnAKWG3Loo3Q9ZKGqkBk,2,1,0.8745,0.3571,0.5173,1181426.54,86.31,0,"fresh_wallet"
129,A1noBiYj8nwqvrhnshruFYP47YFvBy3DhJMsraw39Zpm,2,0,0.5118,0.0000,0.5118,655963.54,218.94,0,""
130,14huwCroTS11yCqYs46G8SJBwMhdDvFH5MXtRAGxV8sz,1,0,0.5010,0.0000,0.5010,872503.79,0.00,872503.792909,"trojan"
131,5Kiu25UHSve6ixoFjHafYCSkwXdiDsx13EgBt4oPtto9,7,7,8.3703,7.8698,0.5004,0.00,-35.46,0,"bundler; paper_hands"
132,BpmVGzVLX7FKNDeVxsAXwM5XGj1gmxHx12QjgGjJZKUL,1,0,0.4951,0.0000,0.4951,1077142.31,1.95,0,"bullx"
133,CZUEFV3zpk6w7QDVJzENk68heFeh3cZyCYi7h4y9GQL4,3,0,0.4951,0.0000,0.4951,827796.52,187.83,0,"padre; paper_hands"
134,HS1LoGX1yobcwp66bMBwND3dk25ffV2cAHa1QRanXuv5,1,0,0.4946,0.0000,0.4946,648918.89,24.97,0,"gmgn"
135,DWhkj6NcXPxKxjDECiCXziKFQhwxmeYJAkCgsQCFwMgR,1,0,0.4946,0.0000,0.4946,1150635.26,78.36,0,"trojan"
136,FBzimzZkbS8oF3GuYm4nJmMu2jgKjEN4p9gjQcq1s4Xk,1,0,0.4946,0.0000,0.4946,1086810.01,4871.14,0,""
137,CivH6vaM2kfrqAtwPU14cNPX8rbpvQGKSca9FhdWMzTy,4,1,0.6034,0.1091,0.4943,622765.30,-5.70,0,""
138,Bgdo8pTdppHwU7J8yqh7e9fpQH2mtL8v9NLmWv7JdHCA,1,1,0.5405,0.0536,0.4869,782151.26,-43.06,0,"fresh_wallet"
139,1aDerPKk87xJHCAqTY5bGxF5Xet2MG476y4Zmq2WJ8Y,3,3,2.8974,2.4108,0.4866,0.00,170.71,0,"bundler; paper_hands"
140,99JzUVhTNX8PkoV2WRV5Qy8J8SYvaMWyh4h4PTsWqPKt,1,0,0.4818,0.0000,0.4818,778004.91,-79.06,0,"trojan"
141,DVcFj3xkGqtKhyq4CQJpjG9u2aoTqAKuDFou5JAJeP4F,1,0,0.4793,0.0000,0.4793,830207.25,250.68,0,""
142,DKRbtHEVoKPvXtaXRQUo8q7FoBVv9hgFYvZLTCA34Qja,1,0,0.4758,0.0000,0.4758,886871.17,0.00,0,""
143,Fuz4rVwvFGZFvzU2cTLkXB9tSh4MVBGW59HxY4fdkHNZ,2,0,0.4615,0.0000,0.4615,745365.58,0.00,0,""
144,DtiabZxwjXDUyxS6FPiKT4efr77hvSibRk35aXq5wXeY,1,0,0.4589,0.0000,0.4589,987132.71,161.12,0,""
145,DCcuAAregcWBEsCd2VAX7TaRBn8eSD4meLzwY4iWRWDL,2,1,0.8013,0.3472,0.4541,580253.59,103.92,0,"gmgn"
146,4gikQLv8gLo7MTQUrkQNc7fXZQZyCeEPFwmV4uJBmUSz,2,1,1.0915,0.6493,0.4422,1010170.88,6.23,0,""
147,2Jy2VdYU6YmSKL2fAk59iTBHavGUu41HNRMekdwcVUVg,51,51,40.7068,40.2666,0.4402,623413.96,210.89,0,"bundler; paper_hands"
148,Gvbidk8D3WbhrJ4FbY9e7feetEzFUGWf57KCAct8Wr2g,1,0,0.4380,0.0000,0.4380,392402.65,700.88,0,""
149,FqpqsNW3hddTE6Jo4y1VzPAz99a3FgMipp15CZgSnSn3,4,0,0.4293,0.0000,0.4293,779844.20,86.14,0,""
150,Eqrqa3PcMW1tJvyanW6fYJjspzHzT7uaTzvT1K8BFkgd,6,2,0.5832,0.1539,0.4293,545981.30,-129.91,0,""
151,Ar5syPnUwQ938wSLYKaGx3NZmqn1ohY7SpJB5PnMrLrg,2,2,1.0785,0.6676,0.4109,0.00,-35.20,0,"paper_hands"
152,3pSPPNYaQQ5NPqgzEiXPHepPTAUsmUmAojueoceCFPRM,4,2,0.7883,0.3777,0.4107,841439.57,-200.81,0,"paper_hands"
153,3s17i9RUP4QkhHJ11Vb3Gdc1UyqbccQmMvQ13mCZXJvs,5,0,0.4078,0.0000,0.4078,796224.33,595.43,0,""
154,BgDkZ4t6Pk8RLB8uk1e2eD9dkpiCZN8tT3G9TSoJ6mXZ,1,0,0.4035,0.0000,0.4035,748066.82,-7.65,0,""
155,6mcjMM51QXWd7jTUyywPuMjN2kQ3hi8m1QvGdo7aczRH,6,1,1.3778,0.9747,0.4031,468179.27,68.87,0,""
156,kEbMCnqri74LmT9D3zvtujNSrGzTi7437hEJdgyHL7D,1,1,2.6530,2.2567,0.3963,0.00,639.86,0,"fresh_wallet"
157,ADjtPJQSw6NGQBJXZCzKRsbp2M8YK5FbifkSb3tJv2HQ,1,2,3.4005,3.0108,0.3897,671693.03,-78.01,0,"fresh_wallet"
158,669kUGzK4vRQqucRLAEtHmD3BtUoaVKywBuJDdLL8FNH,1,1,6.9308,6.5520,0.3789,0.00,2790.05,0,"fresh_wallet"
159,ARdC7bLQVpP8SKUyTdxQVWVHCyhu6WjxjefSWmiu5Lb4,1,0,0.3744,0.0000,0.3744,649933.49,249.95,9649746.493483,""
160,4BPjzdBAsBbqPzubeRH6ksbUQjmP6ySvcufmLcaW8Yvj,5,1,0.4796,0.1115,0.3682,720315.73,1075.21,682.09278,"diamond_hands"
161,BtDThgYg2qdnRQ8vDg8ChphSjkdsvBNKBi5PtAY1KYxm,10,1,0.9840,0.6195,0.3645,43096.66,-418.20,4007426.69368,""
162,B5BFvG4ovb2gyFnyXVoUNBELm8e8NnEWeiNySBwm9fK2,2,4,1.1790,0.8181,0.3608,91245.34,-531.31,0,""
163,38nihnuTFsbYdc4zLCfQ5itBJaYrLZ7Uc1Gc3UHa9QR2,1,1,0.3997,0.0393,0.3603,758179.78,-0.39,0,""
164,9NnibDxP3Us1ZqxLL3eBZe7hBMxqoy9kLXF6Wa9AuC19,1,1,0.9802,0.6203,0.3599,0.00,37.87,0,"axiom; paper_hands"
165,FL5AbiMsPBUDjKHtB4grz4ss54AyQUtcvSk1o1c6D5zX,1,1,0.6234,0.2650,0.3583,592413.61,-0.88,0,"paper_hands"
166,5BQF16Ff86CcFqBvnPfcGCM7YVStga3pfFYPGByRErBr,5,0,0.3568,0.0000,0.3568,595703.46,106.64,0.000001,""
167,5WcWdLaweYmRYCz1k3mgvX8yY6oe2ZaFBJ4JE7sy51he,1,1,0.9945,0.6506,0.3439,0.00,-4.85,0,""
168,2sVWMT64DpppniQZRC3FQjEjdzFNwnUQMv39J7SXcwgb,18,10,1.1708,0.8270,0.3438,215399.49,-48.73,0,""
169,G43HvjBzapZSxKfrP97JemPPySNwbJExBYtV5YXZYY8Y,1,0,0.3434,0.0000,0.3434,476975.16,183.95,0,"gmgn"
170,5myD8htvjE1fF9L6Dt1DpZ3XZ3NyvFMzZuPRxVBSS4T6,1,0,0.3430,0.0000,0.3430,447074.45,268.27,0,""
171,3hs2zxnxHiWVTUgLyyEVUa2VtGGEb298PWb2UqNvdxQY,54,54,35.2336,34.8955,0.3381,0.00,29.62,0,"paper_hands; bundler"
172,Fghy2dEurUU9u2WotTAiu52PRJ71GCKhNLQ7ZuyKkJLb,2,1,0.6228,0.2857,0.3372,695782.91,0.44,0,"paper_hands"
173,DwuKDPu6wpVhq1SsZuD2CSqhVrmziZzXkGmwRDB59vDo,5,0,0.3312,0.0000,0.3312,645611.91,99.70,0,""
174,8Ffb3ndyKfrqq8h9HMJzHLC5WEfyVVDtvG5wZWzG3sXm,1,1,1.0978,0.7722,0.3257,-188660.04,-185.15,0,"axiom"
175,HropENwc8rswVy6bff9aCpXmeMPk2BrBLaLqzdcPUH9F,1,1,0.4946,0.1706,0.3239,604590.69,-2.03,0,"paper_hands"
176,HwLR63pHeh7XAAEoo6TrMhVr4LUxMLkzGkTCWo4SYVqK,1,1,0.5445,0.2224,0.3222,205993.64,-96.66,0,"paper_hands"
177,5CXece4MU5FEFMExVMTVjtToMrQsrmc5NJYoowPUXM5v,2,2,0.7058,0.3857,0.3201,375353.41,-19.50,0,"fresh_wallet"
178,8UCtbGwyw7b8Bms3EmMXo4qtFmULhsfRY9bv5Wdec5Ji,1,0,0.3139,0.0000,0.3139,459018.56,506.72,0,""
179,GGrh6EaSLdRP6YvCAasgJzrrzS3NEtfsCHN2utiSmERG,16,3,2.1367,1.8266,0.3101,0.00,49.96,0,"gmgn; paper_hands"
180,HBHLnpHcTnbVmwupmV4okczZtgV5NgP8WC2abwpkoYT9,1,2,2.4202,2.1110,0.3091,0.00,2314.57,0,""
181,97rVdHTFDvaRRhn6p8JdW7XfestyRD45EUkrAf2oV1at,1,1,0.3522,0.0433,0.3088,267527.88,-1.16,0,""
182,86xQTQDtshEoxwvMqfQihVcy4syUkadjov5nxZdS6rov,6,0,0.2968,0.0000,0.2968,451682.50,609.62,0,"gmgn"
183,5pCQAQtAHjiFoBTwvzGzjUZvBtez4bW56t8rAcZJJyEw,1,0,0.2942,0.0000,0.2942,519668.54,36.60,0,""
184,7hNLzqGwzTM4AdADkbL75yX9LsbxEfjQSg7yH9eHc1Zv,9,9,3.8331,3.5408,0.2924,0.00,8.09,0,"bundler; paper_hands"
185,2SXeFwp3YsP5TjKM9f15vhpXk3yvZRdGwdqF6v7sLALA,27,27,37.9637,37.6743,0.2894,0.00,-12.48,0,"fresh_wallet; bundler; paper_hands"
186,C6PXBxWVEC6Cd3GXkW14mPatD4v4sPEsDoUZxrAEP5Gh,1,0,0.2890,0.0000,0.2890,453510.01,-219.54,2111547.385833,""
187,5RZzHwvEfWDD8MXnejFeJZKoYPCZnRoite9oKsFQExoA,1,0,0.2863,0.0000,0.2863,540792.59,-101.91,0,""
188,6HTNrvpSkMtH6sQgVAczKA11YFAua7xV2Mun533oWxcr,1,1,2.0595,1.7791,0.2803,0.00,154.09,0,""
189,4arwn6LhVHpb6Chh58A7bMdyGBkjoyhtQTDBAe9eVEDG,3,2,1.7065,1.4334,0.2731,-0.00,41.76,0,"paper_hands"
190,DYCjJ6Ffz5rzgP2LggJt7jGXNpnfNWgdHvEtFLm4ni6Y,1,0,0.2722,0.0000,0.2722,396350.83,-0.37,0,""
191,CGXEehC88T4FycMNetaKr5azVhUaugDhzKVKcFyWyNSc,2,1,1.9448,1.6800,0.2647,0.00,-22.87,0,""
192,B6ntqq5hn1hWoreVbjLLBPzRtNvXqzBzZu9HQiywfjWe,1,0,0.2473,0.0000,0.2473,563255.21,10.32,0,"gmgn"
193,DfVh4EEkyX6bguMZmZG6cvNTbBQxu11HJSH4v4RqUMHh,2,1,0.4388,0.1918,0.2470,383164.98,-3.75,0,"paper_hands"
194,2MkySvZ7JHsDxtXUQQ3cDZC23SwT1hcdkG8f6b2GxN1G,2,1,0.4785,0.2341,0.2444,562787.80,63.80,0,""
195,BcXxaM4NqGL4sLUHijNfB6oC5ZudRPWwk7gZcwqzNgJp,3,1,0.3170,0.0736,0.2434,276076.81,136.22,0,""
196,7dt9V3DfKkhzmk8eyCyBFFjaAo2oRpR9w13JLAAs7j5u,2,0,0.2394,0.0000,0.2394,388953.89,77.24,356851.513034,"bluechip_owner"
197,4uV3iD7ugKsHDkZBJpPTrSBhs5A4V2pismfGnfoaUPAv,5,0,0.2371,0.0000,0.2371,331461.15,656.68,0,""
198,4YAXTiuaVhzUFDasQabjGxWPKZiFRKoLUpnAwEagH6dX,1,1,1.7363,1.5047,0.2316,0.00,361.28,0,""
199,HFMNJw1tbWSwiU9wHqSDmsLY9MKfq4Hqsqx7EWU76sLq,1,0,0.2305,0.0000,0.2305,501500.49,7.42,0,""
200,FMcuUHejXDJuxJu9jRwTUhNmLP4EhsEjv1uUXXp58Pvs,2,0,0.2249,0.0000,0.2249,301372.43,223.19,0,""
201,HHd7LGE1aPGf6gpyELBZtZPERHZbFibw1qRQDzP4xG4j,1,0,0.2228,0.0000,0.2228,394610.79,0.00,1622170.826494,"fresh_wallet"
202,BKWXGGbBkFKw9mc2oKT2Jyb3ujjut2ytEsUZ4TK5BavR,5,2,0.3960,0.1766,0.2195,197923.65,2.25,0,"paper_hands"
203,FpAasiondNp3B9B7N6PKgrpUwDLsspUPDUAEHogU2dyW,1,1,0.2935,0.0764,0.2171,281823.48,-17.40,0,"fresh_wallet"
204,AA8thGsCVEbymrEL6Pu3pq718WMeAbzUWQkHDQ4cCx34,3,0,0.2156,0.0000,0.2156,358376.50,112.56,433660.426138,""
205,6i2SLphaTLoKwp143S92VWw7Gd9q3uhzvkqjQAeHkmpZ,5,5,2.0151,1.7998,0.2153,-54569.35,-29.22,0,"paper_hands"
206,Eh6kswZtHDmRpcjdL4AwoJN1uBbAtqxZyU7M5iPv1zg3,4,1,0.2664,0.0646,0.2018,397423.45,10.40,0,""
207,5WrfTxxB2Hdg3rGh7HM73CcQSNh9NoTqrgDZBkBnRDA,1,1,0.2967,0.0961,0.2007,352227.34,143.60,0,""
208,DGkegaErpSttgNY6EYg6Lm86QqMNwENtrEvcegxWJAN4,1,1,0.2967,0.0972,0.1995,330165.20,30.04,0,""
209,FyNMMCfachAR5tLVdhr1UcN5gHpuj7D4revNq7JYgAw3,1,1,2.9407,2.7417,0.1989,0.00,-80.80,0,"fresh_wallet; paper_hands"
210,HQcjq5LyQa1DfQgFepxaQra5sRK4htAQcNjkToHcnXrT,1,0,0.1985,0.0000,0.1985,355699.06,465.33,0,""
211,5tVZNrET347iDy2L3k4EVH6rukCBYzDVmhfRya6BeYTg,1,0,0.1978,0.0000,0.1978,379078.74,111.20,0,"gmgn"
212,FQofbFxftYDX2Jy5HdraesdhNmEYra6ndXK552ChjhHa,1,0,0.1978,0.0000,0.1978,307556.57,-1.38,0,""
213,5TSJDQoDQ6TxY7BixZrbNkKkjHNbi4HsJex5zTTcrJTh,2,0,0.1978,0.0000,0.1978,271502.17,326.45,0,""
214,AodjtBwUzBgnMcptbYBvM1BLhFFBzxMx8MyBX37AMSKE,1,0,0.1956,0.0000,0.1956,477635.79,207.20,0,"axiom"
215,DprHk1T1AZQDsKovD1MTKRS8aY4ur8YxvT7juoWXAGkS,3,1,0.2973,0.1068,0.1904,-0.00,-16.81,0,"gmgn"
216,Gafpu1ruXcrGyQsVe9hPz9EhimQCE2paUkZyMEmVDgGf,1,1,1.6118,1.4254,0.1864,0.00,3.18,0,"paper_hands"
217,ALRkLZ2BR2zUZidYxcGqhQaHZ9L6TWDvJ1vo9JSnNyCr,2,1,0.2244,0.0398,0.1845,420189.52,-0.41,0,"trojan; gmgn; padre"
218,2CiF3FmQdkha53pbGW2yyK5yjxrdBfKXhpzM8WYGonu9,3,3,1.0481,0.8698,0.1783,-2223.73,-141.55,0,"trojan"
219,5Wwq5ECFNwFJ9SyH7UtEwhSCvQfqNAUAvtkAsB4pbPxn,1,0,0.1769,0.0000,0.1769,285444.53,306.27,0,""
220,8nroMEi5RrcPjUYzczMUoghfZzBvJxDL52auHNFZZZHS,2,0,0.1766,0.0000,0.1766,421599.11,130.60,0,""
221,HMnEvp6BESXTvVCqvZW2Hx5QieLeBsgSgDspTL3vzuPu,1,0,0.1764,0.0000,0.1764,371094.57,140.69,0,"photon"
222,ESS4CGNfpe2BTmTudyXS9E6Ud865T6GiGJacbGyFxCt6,3,1,0.6224,0.4485,0.1739,350906.19,35.94,0,""
223,e3j2y199m1nJmegZWRWUipV3fHmQ5qLQbmE9Srq6mbP,3,3,2.7455,2.5749,0.1705,0.00,243.28,0,"bundler; paper_hands"
224,8h5RyZUzKdZ9n6xKAcyVsixQWvaTeRcsmMKVuXui3mTf,1,1,0.9892,0.8190,0.1702,0.00,-16.08,0,"gmgn"
225,9wyCKGj7H4DKTeRPfZTmsQ43Yrm2tCuJSYrmCi8PzbfJ,2,1,0.2684,0.0994,0.1690,0.00,-14.92,0,"gmgn"
226,DmUjNSbV7R82BwNgTun2vLFMK9hiLUUMmwP3SdFeFbEw,3,1,0.2638,0.0972,0.1666,-0.00,-14.72,0,"gmgn"
227,vCRhUpWUHhFpCtMJVef8oW7gX8JBLukkGxmky5B5CPw,2,1,0.4018,0.2370,0.1649,104451.03,-94.60,0,""
228,BvDt9ZqkfM4HrbtSFukoCGZ45oWDDX77eZAkuCGxHcWY,10,0,0.1642,0.0000,0.1642,292512.78,60.51,0.858066,""
229,2kg6c4EfxFX5yEoeiFAnAJH4MZqyASwdRLSygpVgNMse,1,0,0.1642,0.0000,0.1642,211378.59,57.30,0,"trojan"
230,psJnDv2m6cTibYVfTeNVgrj42CNXLmbDe64uK5xBpMk,1,1,1.1540,0.9916,0.1625,0.00,-13.88,0,""
231,FFcvUsWJJKT617Hjbo2vwZAaLC5n4ReM3SiSSdi8dEhP,4,1,0.3183,0.1566,0.1617,300260.70,-734.21,0,""
232,3MDmcm5mVe592ksr7Ew519QmNQt5uBFAmBHFxN4Xb41o,2,0,0.1611,0.0000,0.1611,340299.83,0.00,0,""
233,CfscQaWzq3mKNZkwnbMhd9ekH1L9jeeu9izWpDpQWB7K,2,0,0.1608,0.0000,0.1608,247125.78,0.00,0,"fresh_wallet; paper_hands; diamond_hands"
234,4zXqeb8XEbqH2baKYgWTDLuMG7Hzudq8hd1m3d3CruJy,1,1,0.4995,0.3392,0.1604,-0.00,411.60,0,"paper_hands"
235,EyacD6bmKsJZJpFoiLpaXRJo4L5BpX4LBhz465QXxW69,1,0,0.1603,0.0000,0.1603,291028.24,0.00,291028.242808,"trojan"
236,89kvyNBATZJFkfNDDqfySHYMw3x5g85FXvxwhMNg7YX2,1,0,0.1602,0.0000,0.1602,300387.60,0.00,0,"pepeboost"
237,EGcNL3iZQhRiXv7wJHHSBAqSStFfgTS73jZhG7aaZ6e1,1,1,0.5667,0.4066,0.1601,0.00,-28.08,0,"trojan"
238,2bcpzUgkVmcUh925ZGovfpqo7sYXQC5epHkfqLo6cdKP,1,1,0.2504,0.0967,0.1537,112613.40,-5.92,0,""
239,FnZ6zs5ZM7F4BgMEpGvhmJTBWxmE1Ejm8yE6GATdAV3X,8,1,0.9422,0.7905,0.1517,0.00,-13.42,0,""
240,2q88WZppGmftgDaR2JZPYe2yW2tXneAHmrEEUaA1PACd,2,0,0.1484,0.0000,0.1484,281365.30,39.35,118953.845841,""
241,2VkeP148LDFsUT58CuysQnK4fSkBWujPGwpUvVnZeAmr,1,0,0.1481,0.0000,0.1481,217289.98,22.63,0,""
242,3zz4QVFato9Cb7tAwGoiWTm5eTUMVReuZhyftkpeYvio,1,1,0.9892,0.8446,0.1447,0.00,-14.47,1106314.969803,"fresh_wallet; gmgn"
243,BBZXuL5vkZf9bnQq3i1fd9FxnSJ1qPJq7MonnSTtGmL7,2,1,0.3921,0.2496,0.1425,0.00,89.30,0,"axiom"
244,6xQcb9juHhSjXHKtG3uYq7kJYxSDZQ6dG92FDRgCkFw1,3,1,0.2194,0.0815,0.1378,0.00,-12.20,0,"gmgn"
245,7sT5isQJsh54V2HEzPR8QN65NahfXaaJpragwzqRey9K,3,1,0.2371,0.1006,0.1364,304386.17,1370.21,0,""
246,NdNrFkyJgeBxAYBXTjxj8BKQMJytuY6YZfN2y8sLgWf,1,1,0.4047,0.2684,0.1362,0.00,28.62,0,""
247,GuJBopSvKCAXgCJEheiie7w3Ro6Wy1KZx2dSKXgGE7nv,1,0,0.1334,0.0000,0.1334,190135.56,26.87,0,""
248,8tazpZtBjeNscvhniiNe53RAqJBe4XVbztEC2Ckpu49q,2,2,1.3097,1.1815,0.1282,0.00,142.28,0,"smart_degen; paper_hands"
249,9E5Mxr4JjRR8N1dLusyzuJ12z1WsH4jRKof2zb3LobW7,2,2,0.8566,0.7288,0.1279,25940.70,110.40,0,"paper_hands"
250,EUaUqRk4a6SQdA4tMx2tRBpaBgu8NZR62DZgW4VFf65z,1,1,0.1353,0.0092,0.1262,94315.15,-153.38,0,""
251,Djvvw6WXABtfVwWUWdLmpq2D4DEtHFVzCZSuTxG4nfFw,1,0,0.1257,0.0000,0.1257,164579.84,-33.15,11929.135904,""
252,9R27TbZngGJ2LsQcbY7AhaGSzt19sLYgsT5EQp3562Rn,3,0,0.1247,0.0000,0.1247,171742.76,-3.35,0,""
253,Em8J3gBWapfVBGVhVipwQnLrqCvnWBnLajw6XFsFECPF,5,1,0.2905,0.1685,0.1220,246615.93,0.00,0,"bluechip_owner; bundler"
254,2mRYZQP4FvB3BWEBfoDB2g5eUPbPco3Tjs6i4N4cHhog,1,1,0.4955,0.3744,0.1211,0.00,54.57,0,"bundler; paper_hands"
255,E5iLGQ95nNo1JYQAHSXs4CQu1ARJ1Q6Jyz5AKtgqP7SZ,2,0,0.1193,0.0000,0.1193,246435.84,384.81,186.704146,""
256,kEFiAX3jo5NmemysQov342TZ9mGh6yp92GDRjhA8XDf,1,1,0.9849,0.8658,0.1191,0.00,98.87,0,"sandwich_bot; bundler; paper_hands"
257,7sZ35bf73GdiPLzPs2LNaJSRzysH5CevR9kbpdK2QoYx,1,0,0.1161,0.0000,0.1161,232683.52,0.94,0,""
258,Q4zNmWTkXWraWC3PKXGzThUDtQDRZVG6WTpYg6u2CA2,1,0,0.1146,0.0000,0.1146,88352.14,47.58,0,""
259,ANnDgPhr1e9p3ZkGLPMh5N5rvKMdqUwXtabM3LaM9XXA,3,1,1.0194,0.9054,0.1141,0.00,1503.79,0,"axiom"
260,HvEapQ4DedBnmwZp2dp9RyB1hFweVJgFcJwwy9kEBxZZ,7,1,0.7352,0.6219,0.1133,0.00,-12.18,0,"axiom"
261,7NCeRAK6E1GK2suwQUyXc2urV8bWwkhEx7u8DmdRnLAW,5,5,0.8516,0.7426,0.1089,0.00,-20.01,0,"gmgn; paper_hands"
262,aE7d53Bg2mE6ePuEtrhY6Nc9Bi8MpvCJg2kFqoqSpaD,3,0,0.1088,0.0000,0.1088,218140.74,26.29,0,"gmgn"
263,NULLioEUhd89Jo5Acm9sX88bwjNjrsAVy6KWkXD7qZh,1,1,1.6303,1.5216,0.1087,0.00,156.18,0,"paper_hands; bundler"
264,DbhsrHGBZL158tkYHNwsjowLi8tAXUqdgiFBhPBJuQkU,3,2,1.1723,1.0640,0.1083,0.00,-17.57,0,"fresh_wallet; trojan; paper_hands"
265,6DqwStHBhuxWGutooviZUgVDhT3F4Dy5pAiP2YErRCEe,3,1,0.7842,0.6792,0.1050,0.00,1180.91,0,"photon; bundler"
266,H97gJzC5Kz5z81RYqrWscgLXiYhVGrvy2YkF4Xi2otEB,1,0,0.1042,0.0000,0.1042,202249.73,42.58,0,"paper_hands"
267,78z2q9uM3XkS4sANvZDLmXhhM1yBrsWNVhVtxJmrd1iS,2,0,0.1033,0.0000,0.1033,229160.83,88.74,0,""
268,FSajthUKo1N1BJScZPC3u2XjSeE2Cocmtmm62MWg6mTw,3,3,0.7421,0.6410,0.1011,0.00,-9.71,0,"padre; paper_hands"
269,CszCPpD9aRjC87BasLHVhPr3dLqKiEfs5TsJinDDA1eB,1,1,0.9891,0.8880,0.1011,0.00,968.35,0,"padre; paper_hands"
270,BUYrdYnB74wcaahVatW8kFQojGq29EUmzVW86j16rCcz,2,1,0.1955,0.0944,0.1011,157322.66,17.48,0,"paper_hands"
271,6MLTqAjb3kupnafeeyKcrkxtPdAk1Bwpn2sxngrauMzF,1,0,0.0989,0.0000,0.0989,196989.42,-591.06,0,"bundler"
272,CPHfbq36DjN5gwDGTzDz1ifsWW9CEKsAHKSM1BgqaKqu,1,0,0.0982,0.0000,0.0982,107252.70,8.75,0,"bluechip_owner; paper_hands"
273,12TFJUgSddBeP1LuqoNzPxNojc9agKaTpMUhBWQmF4ia,10,2,0.9890,0.8918,0.0972,0.00,-12.85,0,"gmgn"
274,12cLAUHwmT5NmdFrNewRsF8Hstngb8F1GYuxh49sq4R6,2,1,0.1291,0.0319,0.0972,187048.41,-1.85,0,""
275,2ci2pRUpJDSTpnymDfnugk4hnimfrsvk3tvwgjmgS8yj,3,1,1.4703,1.3746,0.0958,-1470902.95,213.39,0,""
276,AbEmAugp5YrGHsYBDDBcpmNyUc4GowuTnibT2oUgYEfe,2,2,1.3782,1.2825,0.0957,-247437.89,200.39,0,""
277,FtLFiRmEPxTSbPR2XrJAoHNeQpbXDaoxUXrE5RVf9GzK,3,2,0.2105,0.1175,0.0930,2658.40,-27.04,0,""
278,BG9BzbybSmgtwgrVN82BwHJAmksMJ1UR2WqNvZNSuPq4,1,0,0.0919,0.0000,0.0919,175611.93,-5.32,0,""
279,6K6cFtGUsgXXtBhJi8X4F3qrAkBHJCJU6uicb8SaN9At,1,0,0.0917,0.0000,0.0917,190750.94,0.00,62081.140365,""
280,9JfvEBo9xSXs4jdrYkGvieGtLhCm6YNokWACh3xgAXfN,2,0,0.0912,0.0000,0.0912,85961.36,-21.53,0,""
281,BvjzgX86FsLtBPxdrQrxLXUmeeW4Bio67ndBGxsLm6W4,3,2,1.5032,1.4148,0.0884,170823.83,-41.20,0,""
282,9m4rKJRHBEd9Pc5G3EdUyx9vZ4uw7v5iWV47dW4FVhEs,2,0,0.0871,0.0000,0.0871,133922.46,14.31,457950.931715,"gmgn"
283,78A8iZEDqfCH1Tjt9KKaViUhp2cKKxaMciL1SNSBRaTh,1,0,0.0854,0.0000,0.0854,133582.00,40.40,0,""
284,EJYWsqAdnqgQUyUf4Y2ZLwEEHPiSKRQiCA4fZPjNfibu,1,1,0.2968,0.2126,0.0841,0.00,-24.47,0,"gmgn"
285,CtoryBTsPacFU9sf4339ZDVQPf7vG8jkWNYZXb4S2gfx,1,0,0.0823,0.0000,0.0823,125065.25,84.94,0,"gmgn"
286,BLS7o82DnyTjCB8AhAd5pxeq2yGyJKvN22wSQbzfBqnF,1,1,0.3870,0.3055,0.0815,0.00,-6.81,0,""
287,BqbhDuiwzT8zj2gEfSg2c91W7vL8xG3VJEaPTNAQZFzW,1,0,0.0785,0.0000,0.0785,114821.88,63.54,0,""
288,AvJR7jTqw3FCGvDnY6c9XCqCPWEdkrEAbJ7FiZkYXaj5,2,1,0.1419,0.0652,0.0767,58272.17,-11.67,0,"axiom"
289,F3vjDUvmVCp1SMTtZ64bfqH74r5isgLyeohmfn954oyn,1,0,0.0760,0.0000,0.0760,100272.79,23.85,0,""
290,6ZDv5tTzJyNVu9ZCJQH9taaoptZnHhjsG9JekXfnnqqe,2,2,1.4670,1.3922,0.0748,0.00,54.43,0,"smart_degen"
291,LRpJE9eYzs5fsj9PZXBedcUPRCXaAC8jxbhshy5xQxc,3,0,0.0722,0.0000,0.0722,127571.74,408.42,79038.154416,"sandwich_bot"
292,FrqEoWYZPTUNbHXimEkt4jWFvthxA7YqBcrdNtbfHpd8,1,0,0.0705,0.0000,0.0705,139123.80,88.59,0,"paper_hands"
293,7iVCXQn4u6tiTEfNVqbWSEsRdEi69E9oYsSMiepuECwi,1,0,0.0702,0.0000,0.0702,49279.58,-1208.13,0,""
294,EN3htAuLxaAsTYs32AnB5qrTwmu7rh7tjAJVM1HGazG7,5,0,0.0692,0.0000,0.0692,99779.22,5.25,0,"gmgn; bluechip_owner"
295,BHYxypSfq92vAeoeWDr6LwCmQVoUKHLV2U5R8yJ7gGAm,1,0,0.0687,0.0000,0.0687,107684.83,-5.40,0,""
296,6hdyasvGLK9sjzu7QQonJKo74FHRswbwe1FW3ragGpBM,1,0,0.0682,0.0000,0.0682,141534.60,-196.88,0,"paper_hands"
297,FVUuX6CdhhTnKNv9rxnPqVv2GBRyqrR8Y3vzzoJx8888,1,1,0.9892,0.9211,0.0681,-48686.43,-50.89,0,"gmgn"
298,2tWEbPc54wXUbtnMC8tsDvgJ61j1Wq6cumJJ9UFZCZmy,6,1,1.1371,1.0690,0.0680,-332830.06,-114.93,0,"photon"
299,3ZfyNi4ksBeebdCLvrDyFfrS69iEXAvDZzPfVbhADa88,1,1,0.1276,0.0607,0.0669,0.00,-5.68,0,""
300,q42p25B7rK4xrcJrxvxP5zi9uhEHikafTgM2kjtTeRy,1,0,0.0666,0.0000,0.0666,97223.89,-143.30,0,""
301,HFe5Go7PcL7UKKpoACqA7Vir3Ev1HwXahwj4nxR1Lurs,1,0,0.0660,0.0000,0.0660,87018.48,19.75,6206.531375,""
302,8oDipgw7vr878t1xrBsfNUoYdi9B8TBdwwWXb9NAi3BV,8,5,5.5397,5.4739,0.0658,0.00,240.83,0,"fresh_wallet; gmgn; paper_hands"
303,Fp3y7DLnyNSoZ112tarkv8eQG6d2SjwZ7Xbgx2XaVMco,1,1,0.1238,0.0584,0.0654,134319.09,-5.69,0,"bundler"
304,E1Gu3MNrUDQFc5KHafa9smt8hp4UfQH3UHj5wQ4wY6T5,14,1,1.3821,1.3169,0.0652,0.00,-7.38,0,"gmgn; padre"
305,5hbdcA9PngSSpdBRoHxSKf1CcpXMANxp9jVoqHYdborg,1,0,0.0646,0.0000,0.0646,80405.53,-1.69,0,""
306,HVZGwKoL7nGtUPhe5PbupwkwMsTGc7hFVbJBFBQpUKdx,1,0,0.0638,0.0000,0.0638,148535.62,5.85,0,""
307,3YNcxtK6X1yfRRtrvXNeUgit2dNLg3qziWn6ikSrBB3N,1,1,0.1761,0.1127,0.0634,125756.79,1396.31,0,""
308,EY3M5483RcmkVLNfbseApXnsvFhUSHtNpAABSYtQavhB,3,2,0.2773,0.2141,0.0632,126685.44,36.11,0,""
309,Hzfm286fFri26SiH9dsvMdHnd1bmwQvMoFDKGjuqYQ8X,1,1,0.1143,0.0523,0.0620,157800.35,-185.10,0,""
310,E3rvHTpPFhjrYwHMrTimEJPZ7FUz4TJcpezTz6RTHxaP,1,1,0.0904,0.0304,0.0600,0.00,-5.14,0,""
311,EyUBboiKVNtcaEAmX8dsrHjkxQdP7o3qKdeifswW8wTd,1,0,0.0594,0.0000,0.0594,75481.88,-304.08,155563.549914,""
312,DkULswrWWbX8pmfCwoHeP4bBbyLK6gjcrmbNspnP4hpA,1,0,0.0593,0.0000,0.0593,79085.79,-13.89,0,""
313,8FTq658Gfj2SqzEvB5jySe4RNQnhFqPfPzEW1PDV3Kh1,1,0,0.0593,0.0000,0.0593,78920.81,4.73,0,"trojan"
314,8bNcuctx3DS7MwyaijjNu2stcMdf8Et6fyYWWVxjswoS,1,1,2.9407,2.8818,0.0589,0.00,11.52,0,"axiom; bundler; paper_hands"
315,ArqVQznBnsFAPT2YCb7FquL6YkFxp26jxqxKJewA3S1p,1,0,0.0587,0.0000,0.0587,72834.79,4.37,0,""
316,8DSsRDyRPnDr4teHZPxbstuTvxKhvT9CHvqdXbw3592L,1,0,0.0584,0.0000,0.0584,39572.57,9.36,0,""
317,Bg6WwHJ2WsG65Wr128aorKDmrWUfMBNNRrZbw344goRy,1,0,0.0577,0.0000,0.0577,92220.42,2.68,0,""
318,J3C9CJjRy38nKHhhkc5wwpw7QY6XiFUXaA5pw1Jbj2h7,1,0,0.0576,0.0000,0.0576,130569.89,50.14,0,""
319,2LdkQH4f7cCSXeuVuAqpzQiHKav4zZ9nE46kBUEJLLFF,1,0,0.0575,0.0000,0.0575,104528.96,126.00,0,""
320,8mEHYZNejzb4TxL7MAXaJiN3AijoStY8cx1S2VAyKQQS,1,0,0.0568,0.0000,0.0568,43722.72,18.39,0,""
321,EQqvJvJUk4ByLcXTeRinoSS7zuhpbjLZQEXBXZxuqQ2y,1,0,0.0563,0.0000,0.0563,38378.81,0.36,0,""
322,E3odDyJsgGnd19QFrELnmyhFj8WqxYLN7NZ2cR1ek59e,10,0,0.0562,0.0000,0.0562,90750.43,23.44,0,""
323,CCV2AiH6WfE7fGePxqoE663yH5pujkWWhwDYwLdvahAm,2,1,1.1493,1.0933,0.0561,-0.00,-71.44,0,"paper_hands"
324,Gkx99kQUamH89gsuf2BgxJEqBDPpbMJUwg5APvdF9tpY,1,0,0.0551,0.0000,0.0551,74791.36,0.00,0,""
325,Aa8n5sBWgPezM3QEcEFqMZsv9dBH8Zm1DDSegGyLGxMJ,3,1,0.5460,0.4912,0.0548,291952.56,-1.23,0,"paper_hands"
326,G1ABUJuCktSTom1tGDRHgKihB8FiQ9R91r4xYGPJWq5g,1,1,0.3431,0.2893,0.0539,58998.58,35.93,0,""
327,Assd8mNmWjs9n7wa2bedUncJotxLxF4UwLG1Rh5gdACd,1,1,0.2087,0.1556,0.0532,0.00,-8.05,0,"paper_hands"
328,Cmjcob1NByxKETDGkJgeVKECCe1X87d5sN4ZuwFKxS5q,1,1,0.1202,0.0675,0.0528,0.00,-1.77,0,"trojan"
329,7L8psUtDwwhikaf3BKk45aTsJWhr3TKFBmtNRegwVwYt,7,6,2.3658,2.3133,0.0525,64279.36,143.07,0,"paper_hands"
330,5ted1VfXiMNxKZhP1Scak3mHVbfxFwMGBXB2CfnCvCeQ,1,1,0.0628,0.0132,0.0495,90067.94,1.49,0,""
331,7VZNJLSrHqSMz5qoDHzmZZ7eTvoWRwcbRWCv7x1euXtC,9,3,0.5470,0.4977,0.0492,0.00,306.61,0,"paper_hands"
332,2hKmokooHXvdSA31aQZhZ8N4VKKDstM6TSpxx5Vtotso,1,0,0.0491,0.0000,0.0491,73713.07,1.54,0,""
333,CR95NWnHqTmxegLG4aRudkqLwZaZpif9nCv4SYuWxqnk,1,0,0.0490,0.0000,0.0490,75896.69,3.00,0,"trojan"
334,Gx4rVbch3sVV1ZtL2sMqFmVrfut9ZCgdpeY73zZrqoAJ,1,1,0.0715,0.0229,0.0487,57098.47,-12.83,0,""
335,Df5WeQujSBJrZ9fAp8yC3tkeTFGjYHkuX6fTYcyZx3TV,1,0,0.0485,0.0000,0.0485,77081.93,11.68,0,"trojan"
336,7jhxBwhK7L5kznFPwE2fBugM4qevQjUbGFEtJeXDmPbD,1,1,1.4553,1.4079,0.0474,0.00,258.68,0,""
337,4eFh9jSKoHDvf31HiknTD1g7jDPsjbWxsaJ7xMPvXXJ7,1,0,0.0471,0.0000,0.0471,99730.58,-26.95,0,""
338,7BfnJ8pAdW3uo2sc2SU6WBQ9BCXYPbYCRWQgGY2yNbrE,1,1,0.4529,0.4065,0.0465,0.00,-72.47,0,""
339,CUkzFot2AE6sW1U8NK8rLZ1Q7fxKM134fPkgPEQwzu5C,2,1,0.2968,0.2507,0.0461,0.00,4.76,0,"gmgn"
340,GhXyJg6K8sdXsBT1rdas3EsRSVnSENAydEab9Zhv7ahj,1,1,0.2970,0.2511,0.0459,0.00,-3.96,0,"trojan"
341,Fojm3k9ozneJoMK7DowE7QoEHzyuwKni27JXihjqcVS5,1,0,0.0439,0.0000,0.0439,64505.23,7.75,0,"gmgn"
342,E6SPtMXRz6qJKnVwMF8KCRTHzeAhao3X732ZE5PexDBm,13,8,1.0646,1.0209,0.0437,193891.91,22.59,0,"gmgn; paper_hands"
343,Gz9ofEXegkbSJ7L4uH9eHgFuKLAZWJu84FPSF16ifpzn,1,1,0.2657,0.2241,0.0416,0.00,10.93,0,""
344,CRuBSPuyv8cFMQPoGAhZHFFzyFCMphnGcWx8NsGFCRen,2,1,0.3529,0.3116,0.0413,0.00,-3.49,0,""
345,7LHCRGVB5A1L3ofbZCJEkZtSWiyZhsHierLAziWdKEVu,1,0,0.0408,0.0000,0.0408,56197.43,41.86,0,""
346,2LsypdLpNwWiC8N5P1Ut3e1hEdv3aKRiiM8VWGMc6XVJ,3,3,2.1935,2.1531,0.0404,0.00,70.99,0,"smart_degen"
347,Dw3gyfjehZ4HMa6ZXS5tFRrLE8pgWQv6zuaqQzxeVsuC,1,1,2.5050,2.4658,0.0392,0.00,-9.15,0,"trojan"
348,Gi8jBgJ5cgVuKYbUha8mXrEoAMKxYRuanBdBqBgPZkiH,1,0,0.0392,0.0000,0.0392,82197.47,91.51,0,""
349,5v9z3izYQS638mrza45yDFuNLywLr5LJFf8mZohs2KLv,1,0,0.0390,0.0000,0.0390,88143.18,14.29,0,""
350,Dv4S7vSgzDCbxm1AEH9j7fAHbTEkr8LrYCZE95BiPuTo,1,1,0.0990,0.0607,0.0384,0.00,18.29,0,"bundler"
351,A8ssdwHpPmitNc7o9p2qLpNywTz3Qh4KGc5L4MCwcYtf,4,3,0.2655,0.2274,0.0380,98.39,-15.27,0,""
352,EahTQaCc2s4Ckv1Mom5yQfvRqewtRPLnzfF3gRtDix8,2,2,0.2224,0.1850,0.0375,0.00,-5.16,0,"paper_hands"
353,BV66b15pZ8vUJV86MVopcDW5uY26mnvnkFnQ8XyUpiHv,1,1,0.0990,0.0627,0.0363,0.00,1.74,0,"bundler"
354,7mQ84WGRZpgJ8et6AmpgHAUQKxWUpeifobUZv2TjJH7g,1,0,0.0356,0.0000,0.0356,68712.71,-0.13,0,""
355,56mkeRdD9o8rPHPg9Q3Ud98dGpfmJAt8NVkc14PQZSFg,1,1,0.2195,0.1849,0.0346,0.00,0.59,0,"paper_hands"
356,7rE2VUtgQSHJgy77XhRAnzyzQhU7Ax8GSMnejioaZcbB,1,0,0.0343,0.0000,0.0343,71801.37,-5.19,0,"trojan"
357,rK9Ty3kCAoeyW4AHz6gGZsn5tV4KQ7VLhMKn7MwVBqo,2,0,0.0340,0.0000,0.0340,71509.46,6.00,0,""
358,8Rdj2Jzepj7Fkf4EEP8KP1i7LnQqY4iTGKH13C6Hegq5,1,0,0.0322,0.0000,0.0322,50515.19,69.15,0,""
359,7U2mAxhae8uw8HvwJrXx44sqxeEDKA1aMC6CmJQgtfc6,1,0,0.0320,0.0000,0.0320,72832.74,24.75,0,""
360,BG9thmQ8BrzfNUiovGqAsTiRv2zU9MF9jo46qqoP1o8L,1,0,0.0297,0.0000,0.0297,54066.23,15.49,96087.618633,""
361,7hKFbEJ3un85tf4M7HpRFBSuDnZtqiwM1pmJBb3F3rBz,1,1,0.2671,0.2376,0.0295,0.00,3.93,0,"trojan"
362,6TpjJkgJ3Fj4Mcn7oaQA3jsPz2yqdPehFbHe7N2t16jj,1,0,0.0289,0.0000,0.0289,46054.79,71.75,0,""
363,2zKQHEtDfA9GDBPPwzp5y95jYusdRtKyXAUEc2FdN4Qg,1,1,0.0984,0.0698,0.0286,0.00,-2.65,0,""
364,CwwzxSuQkyUDEAtefe8ZWTKDtJaSNGcFTryopbEsUU1U,3,3,0.4900,0.4618,0.0282,0.00,17.04,0,"bundler; paper_hands"
365,2SBWwyq7JpJ2BKMEfG4H5AUsV1LHkqVkh8ZsPSUUmKhb,1,1,0.1455,0.1175,0.0280,0.00,-189.20,0,""
366,46avNRFPyP4fs59t4FvfDFi5qMMojqwgFDP9txAG2MiQ,2,0,0.0272,0.0000,0.0272,26680.02,-749.88,0,""
367,22oFdbsYiDGTTqEmzbZbTjoWXooSPyC64UCQmbZrB9Gg,6,3,0.1369,0.1098,0.0271,5884.15,10.31,0,""
368,STorreSu8X6yPLmiEScNHSGDinqV7j84hWjmvH9SPwk,2,2,1.7310,1.7048,0.0261,0.00,518.07,0,"bundler; paper_hands"
369,Af1KBowT8kiSExQpGJPd93brafL6epgritferfzys6B9,6,3,0.8317,0.8059,0.0258,0.00,107.61,0,"paper_hands"
370,2iway1dPifCCmntDuTxbsQunwDoK1fcczXSMWpbsjzdn,1,1,0.3137,0.2880,0.0257,0.00,-7.43,0,"fresh_wallet; gmgn"
371,2nENNWPvBickxym8en5ZziezDLD4dcmVyZbu7WFv5VeV,1,1,0.3297,0.3043,0.0254,0.00,631.43,0,""
372,FJwDHKZvdWw3grZCraEpFYG39atTzmqeMYj8PdVNbvjw,2,2,2.1732,2.1481,0.0251,0.00,24.67,0,"gmgn; paper_hands; bundler"
373,3MpcPmyo1AU4m5TfHWt6zC5T4QsDxz21EpQrEpphpDW9,3,1,0.2984,0.2735,0.0249,-2115.71,-2.62,0,""
374,3kYrKeXhU4dozhGVFZ4MgpPBTZTb4RuztvbCRM6fY4wk,1,1,1.7824,1.7575,0.0249,0.00,-3.00,0,"paper_hands; bundler"
375,GQYgsZRp9Fy2vKruzbYj2Jc2pp7XrLfspKE1o9HGouoe,1,1,0.0492,0.0245,0.0247,0.00,17.37,0,""
376,ATzEokMxY2UqbvwrYnZ9pob76sQGhvugRBH2vMCNjqRk,1,1,0.0909,0.0668,0.0241,0.00,-2.13,0,""
377,EywtLmQfj4GKmMB8Z4ymYKxDsy2pDGwpK5bJqLq9rzVP,1,1,0.4901,0.4672,0.0229,0.00,-2.01,0,""
378,5wETpSz2bULEnh1h2PmDXkk46w3eYMw46xMZPTbcSTPK,1,1,0.0982,0.0754,0.0228,0.00,-2.02,0,""
379,9dyVAPCdEbLHTTvtx1WMMSwZuE9sfp2ZhqaJnYSXxyjt,1,0,0.0227,0.0000,0.0227,43122.65,5.61,0,""
380,JE3qTW4CqRBQvijTfM2fTRfPg9d9irJ9Muoum21g4XEG,1,2,0.0461,0.0236,0.0225,21572.87,3.98,0,""
381,CYQN67XLg7YZDiqx4ouDDwUjGeAPtqcUTT44cHvNPhTh,1,1,0.0484,0.0259,0.0225,469.55,-1.88,0,""
382,F79YVn7VpPPiCKXzFomstVraYsLNnjjD1zZFigNu5dp5,1,1,0.0244,0.0022,0.0222,30989.83,2.08,0,"diamond_hands"
383,3zKW1AbiRsGk853Wa2c7QkF8A8JPrFuD96RctQT6bsXn,9,5,0.1775,0.1556,0.0219,2770.00,11.32,0,""
384,4CqqydEX1CjNZK8fomfUk7U9XTppBhrnqyi63U7JVLyn,1,0,0.0218,0.0000,0.0218,16823.26,0.37,0,"axiom"
385,DPASAYtyBqnRidSA7J1GQAFZ6UW6a2Zp3zK1RLP4t5MC,1,1,0.0887,0.0679,0.0208,0.00,15.01,0,""
386,Fazv9oaRwyD8YDiJz4NhsaztbnDXqp2RfVh7dwV6BhYo,1,1,0.0989,0.0787,0.0203,0.00,-2.06,0,"gmgn"
387,52oc72vjNbpUhF7jNE1pPAvc17JwBTyxybFp3u7PvetG,3,3,0.8041,0.7840,0.0201,0.00,53.31,0,"sandwich_bot; paper_hands; bundler"
388,H12fFKy5WRx1eYrpKpWBwgUqRvJuAdWTgevPNWvcQQtk,1,0,0.0198,0.0000,0.0198,45317.27,15.77,0,""
389,5hiiMugYNkYGmx8jR7RGLGJtgvTVxLteJtYbg6UbyJ2p,1,0,0.0197,0.0000,0.0197,47635.19,18.50,0,"gmgn"
390,Boq5gc1fqiX2SRwcPnswzH6WkT7RhWS7dX6SzG9c8hWb,1,0,0.0197,0.0000,0.0197,42450.37,22.35,0,""
391,Dqa7XfdhMB2xPEH36yoJd78xcxfshMt3dQBkihFiC3Pd,1,1,0.2348,0.2155,0.0193,0.00,-2.94,0,"paper_hands"
392,2pj1HjUythD324uqziqbzxEcUVWoSeAMSbcbWMRd5Aff,1,1,0.1102,0.0912,0.0190,0.00,20.62,0,"trojan"
393,krBqyvseG2jJXbF9GPoyoo571YHQYEMz8z61T6TSNHt,1,0,0.0188,0.0000,0.0188,24266.67,4.84,0,""
394,B2pxhqmAMkBjvUtg1NhcQQJif8AuEuNHtpSTGDcsrq6T,1,1,0.0495,0.0310,0.0185,0.00,26.19,0,""
395,GCwV43r8YGuM3JdPh1EG2HCvP5zUVJHvraZThwa23yPY,2,1,0.0299,0.0114,0.0184,13438.48,-11.88,0.000001,""
396,6xU9nD7F8KSxG67hcvpsj6aXDtExpSyoEiWuXBrs97tj,1,1,0.1610,0.1426,0.0184,0.00,-6.46,0,"gmgn; paper_hands"
397,8fcpKabenaFrm53uB2jaMk9vpUVHa626KKcSYTiTCAf2,1,1,0.0647,0.0470,0.0178,0.00,63.51,0,""
398,3SNK7VufKbhaZ2uH2VWkrCZCdbtZaY2BXj4KYp3WdGWx,1,1,0.0396,0.0225,0.0171,0.00,-2.11,0,"paper_hands"
399,52kvWEzRXTaoSv7py9xnQvYLVG7cfsiJv7ZkUz7MhgnG,1,0,0.0170,0.0000,0.0170,13401.20,0.92,0,"paper_hands"
400,4fEoeaAqnsB3kKqEnkcfXxZsj3yaSFVycfF4w4CJ5atb,1,1,0.4904,0.4735,0.0168,0.00,157.57,0,"axiom; bundler"
401,4LQ1aMgYWugzLRpxLXsKG5BMBTZbkbkXBsQHJh6HjhgL,6,5,0.2555,0.2389,0.0166,1283.78,0.23,0,"paper_hands"
402,5Mn7AM5c5A67Gb8whJHiyDYbUGawi6bfoANV1SFSBybC,1,1,0.0490,0.0327,0.0163,0.00,2.75,0,""
403,A2PYZNYgyDt2pWKJfTADUZTJqsjq2KMDkhWeD16kRUWn,1,0,0.0161,0.0000,0.0161,21272.55,-1.55,0,""
404,7vHVKpH2VJ3WaTJyG12cbkgW5A9rbrctcYGCqS1RVM5z,2,1,0.0161,0.0005,0.0156,26694.21,2.90,40000,""
405,5osRVjinCY88B1435xi5qtQBQxwh9uLFbfX77wzPpkPy,1,0,0.0155,0.0000,0.0155,33880.67,5.29,0,""
406,CXUbkDJcxjjcvVK4dkFdU9RyNy8FKchaEcHcrNeHuzZu,1,1,0.4607,0.4454,0.0153,0.00,109.93,0,"axiom"
407,81dJQe63d1Zt57WtEGtLE64Zkj6vFpN62cMpVAWeqg3n,1,0,0.0147,0.0000,0.0147,31501.05,1.46,0,""
408,5m5LuxdsU8ZhbmVFokQfu6WkB5TCR6vSSKcHCvKbDVFx,1,1,0.0296,0.0150,0.0146,0.00,29.76,0,"paper_hands"
409,DaZ8Q4AxWKiahMpLvDWg62fNmmTiVmCawJQknyVfd2nZ,2,1,0.2648,0.2507,0.0141,415.42,-1.25,0,""
410,EKo7JzmzBHWNkZZDnVkSJ7ZrjJaMf1gnstpDzTvT4h9w,1,0,0.0139,0.0000,0.0139,21384.15,0.00,0,""
411,BnzR3585JFQPvneUgn3nnK2cMsHjYAbEzm5fSAj6N3BS,16,7,1.0322,1.0183,0.0139,0.00,24.79,0,"axiom; paper_hands"
412,6JmoaF8irPW3e8icKSVVdEP6M2d5HiaJr4ZcTAgBkepZ,2,1,0.0531,0.0393,0.0139,15743.01,13.93,0,"gmgn"
413,GrxAsFaVQxMFN6Z1v4VKVpmnjhFJ7LQDSibRYhc3dR5K,2,0,0.0138,0.0000,0.0138,25795.44,17.06,0,""
414,9eXGRLBdY3i6V7T82KJ3zwk5cWvx7UKpbansZsTxi379,3,3,0.1162,0.1028,0.0134,0.00,-1.15,0,""
415,7FEpVUNxLF5NyQMmaR1JNHmot6hq29gDNn9cwz38cf4v,1,1,0.1436,0.1302,0.0134,0.00,-2.38,0,""
416,G6c54hCb6pj3abRRhJvSPvuL6xynQaA33nsT5Z7gGyQA,9,9,0.0890,0.0765,0.0124,0.00,-2.99,0,""
417,yZwodMFYRxokX13j8ZrUCdTE7miHFeP8WdurnuACee8,1,1,0.0980,0.0863,0.0117,0.00,-1.19,0,"axiom"
418,2oa1bTa2xyNycRL2WNvYFocPmP1gikXBbG8rLpaUT3Kr,1,0,0.0116,0.0000,0.0116,18621.04,0.00,18527.939145,""
419,CkZ6omUCH9VvV6kEJNh4ASrufgGPt3BPfECSUKQqHehf,1,0,0.0115,0.0000,0.0115,21341.94,9.10,0,""
420,3Jirqaqv6HaKyWrAVYuRvW9hePXJiMPQpUzmCmXwhNZR,1,0,0.0115,0.0000,0.0115,22595.14,16.59,0,""
421,83eiM5tAYjnnoCottUShDCyWTGrfpLhEXKR4q1DHqUA9,1,1,0.0229,0.0116,0.0113,7221.04,11.22,27159.470361,""
422,AjQDrSbaPcP51z4hG7EaBqeRoGdfZ7PaDahVMPtbbhBF,1,1,0.1978,0.1868,0.0110,0.00,-0.93,0,""
423,BsZmygeqiFjrB5c3Fjyvk2H5V8aempxd5VqeJurS6ygv,1,1,0.1018,0.0908,0.0110,0.00,69.47,0,""
424,HyzUskGcipxa4AHkLsFcg6hMAToJFuxybMFCm6kwLx7B,1,1,0.4452,0.4341,0.0110,0.00,2.95,0,"gmgn"
425,CSYE3v3SZ8bJQfiXsBfk9zbBgCtYEYr46qcJCBYDZNdV,1,0,0.0110,0.0000,0.0110,21215.43,0.52,0,""
426,Bnp5646eCohSKvBrVeKKWVes6fo2kye2fRkPAbLkDrFx,2,1,0.1484,0.1381,0.0103,0.00,-1.23,0,"gmgn"
427,32PKgjWLoEvezB4XByumsZU3D3LrvVERs2KMnmKQNxMY,1,1,0.0693,0.0592,0.0101,0.00,-0.98,0,""
428,HWyUCxFs2QcUGAVBHHbbqwaC2QmRJF4t3L3dnGTyTTKC,1,1,0.2475,0.2374,0.0101,0.00,-1.19,0,"gmgn; paper_hands"
429,6nXyhzdBRvaTtv3DqfuLVk39M7VLNSddDWV4NV47rDwm,1,0,0.0100,0.0000,0.0100,17561.76,13.10,0,""
430,4HKxuU8GSB8dvALXxtDjx5zdEavGY6is44XRozkh9teW,16,16,0.7897,0.7798,0.0099,9731.56,17.21,0,"paper_hands"
431,5hdj1WKQnwpiWAFb4eTXz6exNZWR3QaDLaPAou4EYSBx,1,0,0.0099,0.0000,0.0099,19993.25,19.57,0,""
432,kSzENL5ZziNqaHWvxDuNUongNduxoUNeh91xv2kx5pM,1,0,0.0098,0.0000,0.0098,15270.30,5.30,0,"axiom"
433,HwqWoDj8q73G3mxcodHBMzYYxcQTiv4nGCDQZwmepU7S,4,4,0.5757,0.5659,0.0098,0.00,7.40,0,"paper_hands; bundler"
434,6EeaQGco734a4iKXPV6YofXhP2f3Hbo7SMKPD2PUejeS,1,1,0.6893,0.6796,0.0096,0.00,-1204.20,0,"bluechip_owner; diamond_hands"
435,JAXFsHdxVy1MLv8DgFJGURBDx4Z1PVkbMmL6KnAgWPuy,1,1,0.0594,0.0500,0.0094,0.00,0.05,0,"gmgn; paper_hands"
436,4ADRBpZFfaHEVeTQ8KYW4qNB2RLnDTMcHXgGrczyYwn4,1,1,0.0495,0.0402,0.0093,0.00,-6.64,0,""
437,7NtsYS1hEuJrbKcqFofASjFNJHwtMW83E5NLKMDvm6G3,2,2,0.9478,0.9386,0.0093,0.00,-35.31,0,"paper_hands"
438,DvfgGaebpqq4eR2656qahkcgm9bqK1XewiCMPyfHCNRr,1,1,0.0588,0.0496,0.0092,0.00,-0.80,0,"axiom"
439,225Lxs9Kv5ZUkGyKmTNma1TkzPssY3JM1ThPNwdEcyzn,1,1,0.1266,0.1174,0.0092,0.00,5.65,0,"gmgn"
440,7iSYpScYjVXKNTs5maC23GRgYL9qTcvJK67rru2ccxJF,2,2,0.0594,0.0502,0.0092,391.57,-1.74,0,""
441,4pRk3wfgQ6tdUzyLaa2HHZPUPQ9Lx8D91EBKN3uhiGLn,1,0,0.0091,0.0000,0.0091,14698.82,0.45,0,""
442,Hpar8AiBYjnu5M3RbN1i5nRckqbCi5QcV5UfJj5oNNu1,1,1,0.0495,0.0405,0.0090,0.00,-0.91,0,""
443,69UrtF7gjmBmr7o32vWjecvxcwsam8f7HwPdosptbaqT,1,1,0.0248,0.0160,0.0087,7093.19,156.23,0,"bullx; gmgn; diamond_hands"
444,JNNVn4NLFGy8e2fePhFEpLEwyYtypCWDZnYDsbkkNQQ,1,1,0.0297,0.0210,0.0087,0.00,-0.74,0,""
445,Hbp4rrhkVbP3ZLvRXWEv4VuGc9yhnsJgfmCZ7mHdKxZc,2,2,0.0735,0.0651,0.0084,0.00,17.64,0,"paper_hands"
446,7rd5aG3yACysQDpwVpLqMHvGGeCnt81Xgq6xm26wnDBq,1,1,0.0098,0.0014,0.0084,15019.93,-3.46,0,""
447,8nNrw1QyNBH3F5eLUBK6MKVPz8ZgpBuFQk21VeQpwguB,1,0,0.0080,0.0000,0.0080,15004.59,4.56,0,"trojan"
448,3LQS945z9Jytxaju5aKQuvqz8Sjr46D5niQ6utZ4jnUx,1,0,0.0078,0.0000,0.0078,16372.70,10.31,0,""
449,8SgXfRmTFhxZUkp2NJVKhPyKSDh7uyp4iNghJqToFfAJ,1,0,0.0070,0.0000,0.0070,13995.72,0.00,520116.194094,"bluechip_owner"
450,3wCF6L4oihF5UzFjthUuGzF7Y3tupJ7KxkbVRSgdw4eA,1,1,0.0495,0.0427,0.0068,0.00,-0.59,0,""
451,Hos7k3S6n1KxrjQPMkWysnF9gnwpLAs6U5qfWrxKPnYy,1,0,0.0067,0.0000,0.0067,13283.62,0.11,0,""
452,9Ry42kPY9BeWnPF4dfC47FrrpeJ6SefSe5eZxrF6hu5y,2,2,0.0989,0.0924,0.0065,3479.80,5.42,0,"paper_hands"
453,9k3jgo6nyviUzDbSGxqwog6C6sCe17f4sgAU4YxY8qvM,2,0,0.0064,0.0000,0.0064,10532.77,0.00,0,""
454,AJEH6ueHes53HA9YcG61TmEmK5imniu4FZDytZo95CKJ,2,2,0.3960,0.3900,0.0061,0.00,-23.86,0,""
455,PXenUBJECUj8TBSNMZ8H6zXS7JLQJkpRRtLd79yiJP6,1,1,0.1683,0.1623,0.0060,0.00,-0.65,0,""
456,6pfsAuwyEffbrCXiqsUmK71oGW6t36oesxEnuLJjWSWS,1,0,0.0057,0.0000,0.0057,7445.60,0.16,0,""
457,Gc924SGCdUnCopxJdfT6TGWG2q5ei6AKeXM3wSYPRFxN,1,0,0.0057,0.0000,0.0057,10103.17,-17.16,0,""
458,BDqDGaPUWvd6UkEUvSoSCHSxrPkmmLYq96Lzzh5CHhjp,8,6,0.8014,0.7960,0.0054,-80021.56,-35.79,0,"paper_hands"
459,A62XWNy7ctsCtw7AtTovEHicR58kKvX95SwBBmntQCvG,1,1,0.0984,0.0931,0.0053,9331.68,1.77,0,""
460,6QqGpYfnMnvhVJdmNY3zKB77MaL3fNoudKkd26ZmRcyS,4,0,0.0051,0.0000,0.0051,9397.41,16.73,6011.055741,""
461,4isLEdGPvUtHejKdypHgxM6KjcgRKzqGdi8FgFTC4d7R,12,11,0.0344,0.0293,0.0051,9705.68,-0.04,0,"paper_hands"
462,7Jng2yjUkt1wQBL86PvRUHoZ8EuVub2co8X6GJ9pqqfL,1,1,0.0523,0.0473,0.0050,0.00,-0.92,0,""
463,FwDCRMjifASbD2dPiDiP1hHpYc4eAyHkLvB31XodF8fC,1,1,0.0111,0.0063,0.0048,0.00,6.34,0,""
464,CS5Cc63TvdSH1ULniqu9RQwEwwU3KSv3R3uVGQ9LpYy5,1,1,0.0506,0.0457,0.0048,0.00,-0.55,0,"paper_hands"
465,7o1b9Pg2YW2hVRAG6PBRjjCGyh9YbnPEXCmWct77fNFC,1,2,0.0198,0.0151,0.0047,6714.12,4.35,0,"diamond_hands"
466,G997psqnoXBkorTPpyJfLwt4ZUxywijQJEQLBvBuNd2B,1,1,0.0967,0.0919,0.0047,0.00,71.45,0,""
467,A7vqKKyrbJeLqucuGGwFwMBvxMGLk4dyF6soi6C6i2Xf,1,0,0.0047,0.0000,0.0047,8708.00,1.50,0.000001,""
468,AEqDtR87JwjaxJc7iNVG8r9ozmVmPEYvvYapkePzjRKF,1,1,0.1609,0.1564,0.0046,-636.73,-10.10,0,""
469,A7G3JEg2GM3tJnPwXcLjWjAUsuswFL313D7eacF3F6ef,1,1,0.0506,0.0465,0.0041,0.00,-0.45,0,"paper_hands"
470,FhkVrptsHqikZNjwxJYmk6mnkXPJYnPqwTEBDRrJ2zpy,2,0,0.0041,0.0000,0.0041,4816.34,3.85,0,""
471,CzoCpUGj55cf6Jzqr8FJcTkJk7RUdJj9L1tCCzWAfRn6,1,1,0.0982,0.0944,0.0038,0.00,-0.37,0,""
472,FUNUhwuwNyxxzn44mEkiXH1bodmAe8XbJKmt89uuBoJK,6,19,0.3327,0.3289,0.0038,3723.30,-2.00,0,"paper_hands"
473,9fkm66JRdBrSuxUa2vHtrXArP5zpbHnkE7AgAAV755uf,2,2,0.1039,0.1002,0.0037,0.00,-0.56,0,"padre; paper_hands"
474,35rUaEHJBFoGS4tcQTzBQi17uHTYbQ7zMuBGiiXsCwiC,3,1,0.0268,0.0232,0.0036,-23009.55,5.43,888737.858213,""
475,4JrJEkYKaL5uLJWoeSAXTJq5EYdXeAGWHneqKFGgoBXg,1,1,0.0377,0.0343,0.0034,0.00,1.70,0,""
476,6nzXxkSZ6ny82ScZuNkZ8NVioPzd1ZdWTwBzhwbXdY59,1,1,0.1503,0.1470,0.0034,8928.65,0.11,0,""
477,D9KLXaiHzqAtPjhoazMC8zX27asZv2BHMuJeRMYBTQQ5,1,3,0.0429,0.0396,0.0033,75.50,-0.30,0,""
478,2daZ6Zad9HBWGX6TDsRsPwXBgUZKTd498FY2Di4KipC3,1,1,0.2376,0.2343,0.0033,0.00,-0.32,0,""
479,8XL9s6fsnetUn4UUFx9T3XBnfqVkYsfJTkh4gnNcj96B,2,1,0.1303,0.1270,0.0033,0.00,-17.54,0,"trojan"
480,Eaugki8zN1wXrvP6LQX6dFiTHcafKBeesP5f44mrRNmA,1,2,0.2497,0.2465,0.0033,0.00,-0.38,0.000001,"gmgn"
481,Bxupeuen7xwrji86gPRB1aWVrm7RBTFnP7wRuuotoBZG,1,1,0.1961,0.1935,0.0026,0.00,-35.40,0,"axiom"
482,5Fc7Q1EpPVnhgeUw2fYk8N2jGK9kaa5Pi7MH12CuyRPF,7,6,0.2208,0.2183,0.0025,0.00,0.09,0,"paper_hands"
483,GjLqX7Vbh4kP1965f1uAp2G5EGEwDNgdBRZ1zu3Nmrb3,1,1,0.0148,0.0123,0.0025,0.00,-0.39,0,""
484,Fh2oh56ENf7tSvpScC7vfVuCP3DUY6u8i9UYkKKisKQT,4,4,0.2020,0.1997,0.0023,0.00,-0.86,0,"gmgn; paper_hands"
485,3YY4KP9HdTeiuR9KyGP49doLj11RD4cAgUccoYH5keto,2,2,0.1980,0.1957,0.0023,1498.97,23.75,0,"paper_hands"
486,8PzgJg14UBggP3oJZAiVbwN8pwCoPuVBfdiugfbFUH8r,1,3,0.0274,0.0253,0.0022,18145.47,14.42,0,""
487,44Rj5DvAUhmUA1samZDpo6rCx9hvbBhSAQ9rnUiYJWe4,1,1,0.0495,0.0474,0.0021,1756.14,1.84,0,""
488,BRG1Cofk9X6V5TnTUQjqdcQTvzaJhUa1xKtp4kZ3KzCH,1,1,0.0197,0.0177,0.0020,0.00,-0.18,0,""
489,E8m1i5CUwm88GRYmC6kuSecjAnoBPGPvBcDVkYvSdokB,1,1,0.1678,0.1658,0.0020,0.00,-0.19,0,""
490,8KRhuFRgq6upxsLaTTzAKaNGT5ntxAaTbFhzuiEvJ1XC,1,1,0.0445,0.0427,0.0018,0.00,-1.82,0,""
491,8Vr6wa4fXsFA1ZEFxDNZaenp5Cky1VDmhLDtyGLtGDyH,1,1,0.0495,0.0478,0.0017,0.00,-0.15,0,""
492,tWKbihdL8inCGTddYRxUdeMrwZSHidV9teqSNg31WPf,1,1,2.4505,2.4489,0.0017,0.00,1311.42,0,"bundler; paper_hands"
493,8iMy2N3GtYPxcj7TET1GaF3yUTCes7oAnriCsEgHkjje,1,1,0.1150,0.1134,0.0016,-4.11,461.13,0.319684,""
494,EYghhfaHsgRnJRvuGSTSDZ2VLXA6WENrtkeD4LUGbkPA,1,1,0.0049,0.0034,0.0015,0.00,-0.10,0,"paper_hands"
495,7nkn6EyFSs3ArxXWBh9ruqijc9vcRU9ebwmJpEWbiRAh,1,1,0.0228,0.0212,0.0015,801.42,-0.65,0,""
496,HVxLEi7khK9SG6hXvVmXaqaFfgRDYGuPZYEESx2kw3T6,1,0,0.0014,0.0000,0.0014,3095.34,-0.31,206.540992,""
497,945GwtwhQFjeEK62eJYBWSfFMouPToz6dKXRmxUiUrsB,4,4,0.0114,0.0100,0.0013,0.00,-0.15,0,"paper_hands"
498,H59Xsw4JaEHnYQDZqWvxrSunfXMRkuQjJywDbczRFBwt,1,1,0.0496,0.0483,0.0013,0.00,0.78,0,"paper_hands"
499,G5GP4138dUJQr1foxfhGsB7upDZ5nYW74CcFVLo1p21N,5,2,0.2226,0.2213,0.0013,-0.00,-0.61,0,"trojan; gmgn; paper_hands"
500,BG2mHAaqrEVwYCW2xhhZy1fbYqBzVR7UzG8GthCU9bYQ,2,1,0.0023,0.0013,0.0010,1842.05,0.01,1811.209269,""
501,Bp8Rcp4nQ2Sxn1nB8uzHfL3SJMtytauA5z9M7MNE4Rb1,13,13,0.0247,0.0239,0.0009,0.00,0.14,0,"paper_hands"
502,B4PG7pLceYp65DpmR6RVnKGjWXgkVTdJm3cXbwnBXXnJ,1,1,0.0092,0.0084,0.0008,0.00,-0.08,0,""
503,3myx3v9juXx5p1eWrRinreDwiW92RcMa6feyPqvgEFPr,7,7,0.0203,0.0195,0.0008,0.00,-0.08,0,"paper_hands"
504,CaNrzvWmHpA79D4ZFyVDA7inJVWUi1V1CzTtcAUuBCvy,2,2,0.0990,0.0983,0.0007,1296.39,-2.93,0,""
505,2agbfoB2aAKX5LoCHwYPBvNjw8EKDGxX98da7LwmsqMP,1,3,0.0235,0.0229,0.0006,201.75,1.13,0,"axiom; paper_hands"
506,4FjpmgTnxbQaEXL6baUtU3nAWjApUywVbxNJj7X9CBDZ,1,1,0.1372,0.1366,0.0006,0.00,-0.24,0,""
507,8LUuVFLjaK94d43sbZpYC6MJnnG76nmQ7658CUqY6DeS,1,0,0.0006,0.0000,0.0006,1372.66,0.53,0,""
508,3X1JCQmVs6ogaNwvAV86W3zv5P5Bzg34T23pHxtrCsBH,1,1,0.0396,0.0391,0.0006,-0.40,-1.91,0,""
509,5Qb37QC8Z7Zc9NuSi9EndUcbsbpL27M55ThrZdVqGQok,12,12,0.0119,0.0114,0.0005,0.00,-0.11,0,"paper_hands"
510,FCY1k6qLoTtaWdQvcVvnVJLFqEJG2SJjT28qdiJyWrwY,7,7,0.0069,0.0064,0.0005,0.00,-0.05,0,"paper_hands"
511,6qEuFx2kduYGGUVAfN6TwWxpVavn6NrW5pNVMUnwX4TG,5,5,0.0049,0.0044,0.0005,0.00,-0.02,0,"paper_hands"
512,4viNBB4cyJxngMWkcnBbMaBmNUq2Q7JMw1t6tjY5tYfu,1,2,0.0117,0.0112,0.0005,0.00,18.05,0,""
513,CZWweZyBS65pueerhWvXDsBt4qNi6RbLRCWDDsb4RxeL,10,10,0.0099,0.0094,0.0005,7.71,0.03,0,"paper_hands"
514,EvWXgspRo1BA38A83Dfy3GXfVrJpympPaUtTZqXhjFpN,8,8,0.0079,0.0075,0.0005,0.00,-0.08,0,"paper_hands"
515,AMUqocjeRVSigvDB7vBDqcRbmZytuCYZkdZVj7NTopQW,1,1,0.0049,0.0045,0.0004,0.00,-0.05,0,"paper_hands"
516,EfvZnwCn37UzQxgL93HhvfSJPSEo9MjsG7TDpXcVYkUu,4,4,0.0079,0.0075,0.0004,0.00,-0.08,0,"paper_hands"
517,CbVRHmdRKPJXNr7JMeka7y5iYgNLM6vU9wza3aXAgb57,6,6,0.0030,0.0026,0.0004,0.00,-0.04,0,"paper_hands"
518,B6y6Rb8UpgB79s3dfK2c1DyAixr3mNrqS9DJyyMoGf5C,2,1,0.0319,0.0315,0.0004,304.21,48.41,0,""
519,Gbv4MGLZjtUt7BnGFcjrcCm1vM1nwsLfuN8aWuE5cqqq,4,4,0.0040,0.0036,0.0003,0.00,-0.19,0,"paper_hands"
520,AE4E1jGXjwUVHDo765KjSVeTTLLkQebK6KroeaBVQrJw,1,1,0.0248,0.0244,0.0003,0.00,-0.05,0,""
521,63gqdx59kiLa9juMg8c9iiG5SRXbpAbuRGa9mkByZiHm,2,1,0.0101,0.0098,0.0003,-0.00,-0.04,0,""
522,2YoKhLdeKonfRAZqRPEsfooCQE41YFbXJcPnHqdLW4bk,5,5,0.0049,0.0046,0.0003,0.00,-0.06,0,"paper_hands"
523,97DmQqao8qwhuNHacsPu7GRW6dDXgiZ46RMt5L8K1Yvq,4,4,0.0198,0.0194,0.0003,0.00,-0.12,0,"paper_hands"
524,84NXvzQMJUhzzvKHxMwnNuXyMggzfPRrkZ8a1imqWtEZ,1,1,0.0010,0.0007,0.0003,0.00,-0.02,0,"paper_hands"
525,HVCCKWVTHhqViDHZQLPPqDqdTdyupFekK9bEY9UA7LhN,1,1,0.0010,0.0007,0.0003,0.00,-0.08,0,"paper_hands"
526,3JBq2H8XxxMRjU3gx9i2s4EBCqMfy6TuHyH2ZfU1hiQa,4,4,0.0040,0.0037,0.0003,0.00,0.28,0,"paper_hands"
527,63WDVqonCfXGdcKqmD6bPGFKbdkQyr32s72gEQkxytrN,2,2,0.0027,0.0024,0.0003,14.45,-0.04,8129.045775,""
528,9S65CigtYTuCAgX1KeLHmtC2yPWbdjhDccwUa5vq98HA,1,1,0.0099,0.0096,0.0003,0.00,-0.03,0,""
529,B6RXVoGsLAK1YkFt7JpZpxhvrsH4t9oACDnYbtt6NmUP,4,4,0.0040,0.0037,0.0003,0.00,-0.07,0,"paper_hands"
530,ANeY6wcXQke2NC7NXd4hSmUioGenx5GDuT9h8aiwqi1F,2,2,0.0020,0.0017,0.0002,0.00,-0.05,0,"paper_hands"
531,FtfnhpQKgdtZuqiNnQu5yreLbDACpXzFhDrXEEXLJLUW,1,1,0.0010,0.0007,0.0002,0.00,0.08,0,"paper_hands"
532,3rfojbQAQJNqamrjNMof4sGdez9eG6NxrBNgLQSuZGrn,1,0,0.0002,0.0000,0.0002,404.61,0.00,40449.394792,""
533,55pDJX2q9avts4rJDCDrry6TFK4CQp2JHYGxPe7tsJPj,4,4,0.0040,0.0038,0.0002,0.00,0.09,0,"paper_hands"
534,BTNtnaQti3qJvhMrNAdofpdiYsUHZtDQdNzsg3szicp5,1,1,0.0329,0.0327,0.0002,799.40,-98.18,23694.013375,""
535,9UmU28Wh3wbgFMUh1QMXxmGKenU8QzcqvAGzQoPbUTD4,2,2,0.0020,0.0018,0.0002,0.00,-0.04,0,"paper_hands"
536,FR2L7pGh8dJ135rpgCa8LQJtitkem5V2SrKNSwXvZQPr,16,16,0.0237,0.0236,0.0002,0.00,-0.09,0,"paper_hands"
537,4jFGPSqrdWSLySfH7kRg775gWoiiWc52ZuGzsQaEjyCS,2,2,0.0020,0.0018,0.0002,0.00,-0.04,0,"paper_hands"
538,CPExkvXrahtthv34Q76H4kKaxkqAZwfQyrrW874gp9XK,1,1,0.0010,0.0008,0.0002,0.00,0.07,0,"paper_hands"
539,6Nm2oKA9G6G2RBaS6EMa8vg2DhodCHkx1u2efzTUV5ZV,2,2,0.0020,0.0018,0.0002,0.00,-0.01,0,"paper_hands"
540,2CbQbRt8F2pxgbX1uhH5jocgqqAA4WQnBv7Ao1kcL391,2,2,0.0020,0.0018,0.0002,0.00,-0.09,0,"paper_hands"
541,APRgWmnmpZ8UmGqN3sQ2w89j9sXVzyQi4QUeKeb1DJ9q,5,5,0.0025,0.0023,0.0001,0.00,-0.01,0,"paper_hands"
542,DXAq81qQLZcFreTMg6s4QUWDfRPsw5erwYQfaatq8aa6,3,3,0.0030,0.0028,0.0001,0.00,-0.04,0,"paper_hands"
543,6j6eqBd9xauZ9G95yd6FAxXhKcTa7ASzpXZpEx3WiKZE,1,1,0.0010,0.0009,0.0001,0.00,-0.08,0,"paper_hands"
544,6F4rF8r8VPYjKX3jjuHLV2nxvPq3uPMsQWBQvD73y7u2,4,4,0.0040,0.0038,0.0001,0.00,-0.08,0,"paper_hands"
545,6LqdUBbQdUr5AeEGB35exwzyEefXY8AkscuVpH8KpcKZ,1,1,0.0010,0.0009,0.0001,0.00,0.06,0,""
546,8CvvUC7XeHs8eF9jCjUMKzKMCxtPsy5gwniCLcP3Npzb,7,7,0.0069,0.0068,0.0001,0.00,-0.00,0,"paper_hands"
547,Ef45tvMKt19ySLhsmXR69taTV1pYZ6CdfkbhEirjfQMi,2,2,0.0020,0.0019,0.0001,0.00,-0.12,0,"paper_hands"
548,2Yo2iS2RAZTRP77R8PxhxHSKbrPhM39cMHAVJL189oxW,1,1,0.0010,0.0009,0.0001,0.00,-0.00,0,""
549,3tmDdxSsFFXYnJZxndBvyLdKavvtgE1RWrNGokBuMM6U,2,2,0.0020,0.0019,0.0001,0.00,-0.00,0,"paper_hands"
550,B4fakZpsg5N9jQiLbHYx5bVc5pxfEZGDgADPmc5isJ4Z,2,2,0.0066,0.0065,0.0001,0.00,0.12,0,"paper_hands"
551,7e3KPsCeDpdpNdHAwtoJWabaGt16Da8hbUhrAndHGN1M,2,2,0.0020,0.0019,0.0001,0.00,-0.01,0,"paper_hands"
552,C93UiWpMQVG33Ub8CSPxNPNXZLW2W553s2fC1Ki2c4mX,4,4,0.0040,0.0039,0.0001,0.00,-0.05,0,"sandwich_bot; paper_hands"
553,9y4cxpn4DRYZd8nadE27ossSXtcWX1xjkFwvKi2U44BB,5,5,0.0049,0.0048,0.0001,0.00,-0.01,0,"paper_hands"
554,491YLBK7MwDAosg3jktwePR9vVA6ymP6RVXTu3CZk9fS,4,4,0.0040,0.0039,0.0001,0.00,-0.04,0,"paper_hands"
555,7ukhvwCPsCvVsgCmDXuhhyxZ2gm5vPVFZdPThtWXFUVJ,2,2,0.0019,0.0018,0.0001,0.00,-0.04,0,"paper_hands"
556,B7rC5UF4EJAa841cJkB13PbKvBu1KQXC2WJsxtK2PZ3r,1,1,0.0010,0.0009,0.0001,0.00,-0.02,0,"paper_hands"
557,Dj4D97aH9j38BmCRtMFJ1dWRULNVZZhETejKnB31j12L,2,2,0.0020,0.0019,0.0001,7.55,-0.06,0,"paper_hands"
558,7DiZFgjDZJym31cJ73HXi4MwNpQQkLhZUjBhJg71ifh5,4,4,0.0040,0.0039,0.0000,0.00,-0.02,0,"paper_hands"
559,F3WQLJK4S4kNDdds7xYWKfBc1TKXdj8dRvwZxTRjS2FA,1,1,0.0099,0.0098,0.0000,858.28,0.03,0,""
560,FEVcqrDvR1krTJk6DKzyp71Zef7S7MHkdu1q6PgH2EFC,9,9,0.0089,0.0089,0.0000,0.00,-0.01,0,"paper_hands"
561,D5qb6XKMLoXqC2iRxHoSZTARJbmzkT3VNx7ENfu33Uyo,1,1,0.0010,0.0010,0.0000,0.00,-0.12,0,"paper_hands"
562,HV9v154az5GhAi96638fPW32ao4KxKYvF2U9kEWJA7aG,8,8,0.0079,0.0079,0.0000,0.00,-0.02,0,"paper_hands"
563,J1UGQDvd957G6ZGWrRyRv3EcjTavmK4zPFoq3pXR1kAs,1,1,0.0099,0.0099,0.0000,0.00,-0.75,0,"bullx"
564,bebC9Wrp4x66RDZ1ux4qRsw4czcNjiPJAZWo2jYRnKf,0,1,0.0000,0.0000,-0.0000,-1.33,-0.06,0,""
565,BNX7RbpCtchEVkKeBBrBzUbReXbqJpBnbpZe8fJzQphe,0,1,0.0000,0.0000,-0.0000,-0.03,-1.46,0,""
566,3KvsoNxgn64nsuHKPBHQJsguef3DgEkP2izE49k6CSAZ,1,1,0.0001,0.0002,-0.0000,0.00,382.64,0,"sandwich_bot"
567,5XDo6XmE5iymA5s6UoWwaAMYUGqGCdj3ABhYiCFdypgT,0,1,0.0000,0.0000,-0.0000,-13.02,0.00,0,""
568,6N8MhpP5f7vZhX7oneVxGV9DM6x5gnkYvRBep82t1mif,0,1,0.0000,0.0000,-0.0000,-12.98,0.00,0,""
569,GWZMgT8ScTzp7b7zkhVdpDSrLhVc2SKBBYeDUT1sh15A,0,1,0.0000,0.0000,-0.0000,-14.25,0.00,0,""
570,FgcqEjpVTh1NiYn3VG2kRV5jvycBDLm1Mp6fswCZDpo2,0,1,0.0000,0.0000,-0.0000,-14.95,-4.70,0,""
571,AvgNHTvY8rNL2Pqixwuh1LpSg1YjqFmf1u5HmzYnFSr,5,5,0.0050,0.0050,-0.0000,0.00,-0.00,0,"paper_hands"
572,DxFnptKQjaQthU7wXvtGVNQnFxFAssxEk5zLwCof7zJD,0,1,0.0000,0.0000,-0.0000,-8.92,-0.00,0,""
573,BM8XcwCUMJC1mzMPM87ZRkHL3CWwWQNCz8Z3uTUSnsrB,1,1,0.0254,0.0254,-0.0000,957.32,0.66,0.220272,"sandwich_bot"
574,A7FMMgue4aZmPLLoutVtbC7gJcyqkHybUieiaDg9aaVE,1,1,0.0011,0.0011,-0.0000,0.00,144.93,0,"sandwich_bot; paper_hands"
575,9iNVWhtm8k1317W397YpLE7xehDQe9yLmCSw2gA5VT6a,4,4,0.0040,0.0040,-0.0000,0.00,-0.08,0,"paper_hands"
576,Ff3r6GxahwpNbGf2dXjZCTv5AUV2tF1jzDxXrWtA7dy8,1,1,0.0010,0.0010,-0.0000,0.00,-0.05,0,"paper_hands"
577,4NeqHpD3LMqQJwkpkEwuRNitjex4mdsu1yFTnCoQpTH4,0,1,0.0000,0.0000,-0.0000,-104.52,-0.06,0,""
578,59VzpkdkixwEsEbTfHyyzDejM8j5qFqzLxhQQHwwR1By,1,1,0.0010,0.0010,-0.0001,0.00,0.18,0,"paper_hands"
579,4JS4Qq2wM8SiAmVYUgyRyE35doSm8CQs8EvprnNvjm4n,4,4,0.0040,0.0041,-0.0001,0.00,-0.06,0,"paper_hands"
580,CRQXhzDq9G2ihXdbv6Z2asL9fHMMX29Dwe6D51HNfF3z,1,1,0.0005,0.0006,-0.0001,0.00,-0.06,0,"paper_hands"
581,2547hmr7spiWkobdENuUBCiDGKHCs2v73kP4HgbKcUUt,0,1,0.0000,0.0001,-0.0001,-215.36,470.94,0,""
582,5uQLBgN9SzL2hPtKJMw1R36cpSWy2Pt2mFruyQaxJeo9,2,2,0.0059,0.0061,-0.0001,0.00,-0.07,0,"paper_hands"
583,5cj2LbYfuZTefM9RxENHUngYdwcFXrBpdkgpm37hNmuJ,0,1,0.0000,0.0001,-0.0001,-178.72,-33.60,0,"gmgn"
584,BZ7z2gRUFN49k7r4EyeRyGAWYsppdhjdNLvjfSgSaf2M,1,1,0.0050,0.0051,-0.0002,0.00,-0.00,0,""
585,2eXBkK7Hs3P81LTFv12vb2CAJkphc8xqU6AVucLGtfVm,0,1,0.0000,0.0002,-0.0002,-345.73,-3.32,0,""
586,84eCHhwsBXCMRjZP4NmhAaTPz8DK3x9wkqnBrXzh4Aac,0,1,0.0000,0.0002,-0.0002,-1.20,-0.01,0,""
587,CiwUEBn3VD4c5DkiYfnqtk6AEDX2JAqnXEkg9GufeUhA,1,1,0.0010,0.0012,-0.0002,0.00,-0.04,0,""
588,6X599EMzdmsjQ2kZaTdSjoUx9b3Xe5ZzBCzJnwbX39aw,0,2,0.0000,0.0002,-0.0002,-412.08,-0.22,0,""
589,5B6xTb5yAaXt21LkK2LD5Gb5fVPcuHyt7yYZkHT3vSkQ,0,1,0.0000,0.0003,-0.0003,-465.64,0.07,0,""
590,GZ1YsdJYyqU6TJ5TUQ5fPa85cbbk6YkyY1gAgQFLq5ps,1,1,0.0073,0.0076,-0.0003,0.00,9.89,0,""
591,2BLgvYgAx2WzFEQaPo7njJexFVQQYWDuSe5f1sSfj5Fm,1,1,0.0211,0.0214,-0.0003,489.61,-22.81,0,""
592,8b1NuSCHF9jxzTy7AWnLCH4bEGkyNxv8dALtT9Wamu9w,0,1,0.0000,0.0003,-0.0003,-269.32,0.00,0,""
593,3DR4HBenBsgWETJYBSSrBDtfG7BNcj5nKfA7h3nC9FTD,0,1,0.0000,0.0004,-0.0004,-472.86,-0.36,0,""
594,72jgtrWTT7uZo5x2A5T2i7WGDvQUwwqhpYTY3aGGBWMz,0,1,0.0000,0.0004,-0.0004,-581.44,-0.17,0,"axiom"
595,AgunxNXfaNF7pNfuVD8c5TKPzdB7Gy3BtNrDtCYNQAvV,1,1,0.0000,0.0004,-0.0004,0.00,-0.00,0,""
596,G7XBq2m6V4CzjjKqKAW6TEHFDGR8sXCTL11e8aCJUeM,0,1,0.0000,0.0004,-0.0004,-594.90,0.00,0,""
597,8ffjFDa1jaJsnELb8a9wtWSXtdkiUTTBMm7wjpXxZT6n,0,1,0.0000,0.0004,-0.0004,-664.85,0.00,0,""
598,HjurJAndyAehUamdSobbGcDWd9Mni6Dv6Pq9EPiCCdwg,0,1,0.0000,0.0004,-0.0004,-830.69,-0.82,0,"gmgn"
599,CzYQ2kFnBxsNEt9Zy34vQ3n5fSDhvA4o4XaTnq1rLvyr,1,1,0.0990,0.0994,-0.0004,6203.37,156.70,0,"sandwich_bot"
600,FrbMfNq6mBrUWMq2j1BYFyaofpn41R7TYT168hXr79Ek,0,1,0.0000,0.0004,-0.0004,-676.84,-0.19,0,""
601,EswwutZptmv6Sz1JNwFv8FfS9hyQtqXtDwiDz4jVa6sy,0,1,0.0000,0.0005,-0.0005,-1056.22,0.38,0,"photon"
602,GQEZDiygN1Ric4po2zCSs42kfr6SeBL6Pz1G4DENVWyA,2,2,0.0300,0.0305,-0.0005,17.20,14.99,0,"sandwich_bot; bluechip_owner; paper_hands"
603,BSfQT2AmdxQfpsGQANrcYEUcwta5PWuTfBkHxqsZ3Gz8,2,2,0.0756,0.0762,-0.0006,0.00,-13.87,0,"gmgn"
604,Exo8yVWRkLFg5cykEEAxTa9sNzNeQ2Yz5ajg7xqbBLeg,0,1,0.0000,0.0006,-0.0006,-503.03,0.99,0,""
605,8TPWakvWw4xQbk7uAYdNjZiDKKHgv9GE5GebzsbtUaHr,1,1,0.3218,0.3225,-0.0007,7565.45,368.69,0,"sandwich_bot"
606,4xpjLjaMQ4h5MaLqy8Z13AxusCq76pEM4fXLwiqCvzAa,1,1,0.0990,0.0998,-0.0008,0.00,0.07,0,"paper_hands"
607,9aJGxwH4jmSpvWyDXsVAigR4pf9ndTw6FNeiNMnSjfFL,1,1,0.0401,0.0409,-0.0008,0.00,-2.28,0,""
608,4wgfCBf2WwLSRKLef9iW7JXZ2AfkxUxGM4XcKpHm3Sin,0,1,0.0000,0.0008,-0.0008,-1800.03,-0.90,0,""
609,XUrKb2aK4jBm77q75EemchVUNRTJyeFQ5KebTJygPhF,3,3,0.4206,0.4214,-0.0008,10553.60,21.67,0,""
610,sy88tvipKfaCTuVVeU2PczPa88hqgPfKnYQyCHboHP8,1,1,0.0395,0.0403,-0.0008,4030.85,-0.68,0,"bluechip_owner"
611,RoDpAJU9S81axG1g7e6PPVEZTePEGpgfK9XuoDXoWBh,1,1,0.1211,0.1220,-0.0009,0.00,4.34,0,"gmgn; paper_hands"
612,HmEZLCo45Ysuem3Q7UMEsPWgiEFzp27AMf9pgZHNUTiq,0,1,0.0000,0.0010,-0.0010,-2010.96,-1.78,0,"gmgn"
613,9hm84ufwVSHR1oGcKBCed4x68CMVpepKgb5aXhZQYDgX,1,1,0.0665,0.0676,-0.0010,2862.77,-2.37,0,""
614,AwyXdvfcJxV53FrWGjqifwPCqxfwfkY3752nmRWDJ3HF,1,1,0.0294,0.0305,-0.0010,-21136.65,-6.17,0,""
615,4nJgRUV472gLXrh2FqvWRcUouReEq5aMDqBQSsd6ABxu,2,1,0.0594,0.0605,-0.0011,0.00,5.63,0,"gmgn"
616,ESuvjvsQtjuxC4XGsDeMhx8Wp5yjQcCFGncGhupcJbg8,1,1,0.0486,0.0497,-0.0011,3.40,0.88,45.454756,"bluechip_owner"
617,FTYeXbP9Epwc1TXJiM7b2TqcfHTexRCJyCLGvPm1YAvR,2,1,0.0392,0.0403,-0.0011,0.00,0.12,0,""
618,6iKRkWwSvrVYdMdSJQPfLJgVVcHXC8xWsfQmg9grjmkE,0,1,0.0000,0.0012,-0.0012,-1988.30,-0.99,0.000002,""
619,56YM95f3yAmNbVxHRfho1MAx78GBL1fTjQGwaMDYVmNm,4,4,0.0898,0.0910,-0.0012,2370.64,-17.03,0,"bluechip_owner"
620,CbfR7NWZwaRMbJBwQXFMCbJAhfLVvA9SmsayKr1VgJ5i,0,1,0.0000,0.0012,-0.0012,-2827.81,-1.06,0,""
621,5MNEBLM8YbhZ7GN2NymEjQemrk7awJbE4L2SxxRwYwSY,1,1,0.0248,0.0260,-0.0012,0.00,-0.64,0,""
622,6DsboZ1948U2vBisqCeDa2ZN7EvDrs1hWMkBPFzmCGk2,0,1,0.0000,0.0013,-0.0013,-2493.74,-1.51,0,"gmgn"
623,6ELNUJy7cK7M3mU3iZpSiGoVPAyxXvdDFrUZdCBZMzop,1,1,0.0904,0.0917,-0.0013,6222.61,7.45,0,""
624,G5DbkjwJiKT42xPe6UFNftbcuVG6DJ8uAjp1TQ5wbSaD,0,1,0.0000,0.0013,-0.0013,-1922.82,-0.63,0,""
625,5JXGkEKAcL9vy3LdPz4DG2HCJpNk2SSMPgmyfL8QGEHL,1,1,0.0499,0.0512,-0.0013,0.00,0.25,0,"bluechip_owner"
626,HXD44yyxAJUm1LvkYFsxazrxnsyKsoxPKg2Wx8tFYdZP,0,1,0.0000,0.0013,-0.0013,-3111.90,-0.74,0,""
627,yUwUyoufLrCmjcgURefVzvAfpcaZ2so6be4uDziT9aH,1,1,0.0497,0.0511,-0.0014,3961.86,2.73,0,"sandwich_bot; bluechip_owner"
628,7vg7kpxWGfAkyQoZXTZE3bQ6Ly4cLB3y8dVC1AUZVt1W,2,2,0.0292,0.0306,-0.0014,0.00,-4.72,0,"paper_hands"
629,56dRskiukwYqpiWT2Xt945tb2DQUoHFcjFwxwW4PMWuS,1,1,0.0885,0.0900,-0.0014,2543.99,1.70,0,""
630,Gggqh5rbAZQ6akNiULM9rZAwL7XHvMDsr72LxJr3tnvh,0,1,0.0000,0.0015,-0.0015,-2348.65,-2.28,0,"gmgn"
631,JBHmAj6rfYymf465vkQvCc8dzXcq8C5ZH5eJ8n6zCpzV,2,1,0.0074,0.0089,-0.0015,137.76,0.06,0,"paper_hands"
632,2Jf8vPeGfhNo7Hk9PbsSbiZK8NHmRUWzPgCtu5BX2KoM,0,1,0.0000,0.0015,-0.0015,-3033.14,29.01,0,"gmgn"
633,AJoUrq8wjkvCPGYJUPgdn3XtaEVpNjkJGP8u69dZJ8sk,0,1,0.0000,0.0015,-0.0015,-2372.13,-91.72,0,""
634,ED8WWoUz7kzTSPaHLWh83z8Qts9DfNmXwDezx3Kjw7nf,0,1,0.0000,0.0016,-0.0016,-2393.80,-1.81,0,""
635,4SgwtApqXAXmkNSGGBzAvndVjXjnGkk8xS44DHm2as4s,1,1,0.0943,0.0959,-0.0016,7632.07,11.10,0,"bluechip_owner; bundler"
636,GetxnGXDwWfGwMmNweyCexiY3Z8KRWJjs6qviWv1uqkT,0,1,0.0000,0.0016,-0.0016,-2904.49,-0.70,0,""
637,ArY1jhT2L7JBCTvxobUj3G4BdCRmjBx9VHcxjdcgJHr6,1,1,0.1007,0.1024,-0.0016,0.00,0.80,0,""
638,HGoXpPQoVKSE3uyvtBN9CqaAXqb4cXiWAM2BfySuE9iU,0,1,0.0000,0.0018,-0.0018,-2965.55,-1.83,0,""
639,GzjsGWyJJpbopSj2De3T7eVGDLkrEwuEmM39ebc8efyp,0,1,0.0000,0.0018,-0.0018,-1357.85,59.23,0,""
640,5hmb519hd8948XWWhjBVR5xYjtcy7eyZgXHqUxHonSb6,2,2,0.1260,0.1278,-0.0018,8258.42,1.24,0,""
641,AXmnRBrNtYYyyo82cLBBhnWJ7o1iqNLZbuEVpDB3V666,4,4,0.0698,0.0716,-0.0018,1454.99,704.96,0,"sandwich_bot"
642,F5M2Fny8uVr9pejRnMapdaEonvvLF2e4r29GF9k7Kd7t,0,1,0.0000,0.0019,-0.0019,-3704.30,-16.39,475.408272,""
643,5ZUDSjkUWuUeVNxzMufMfHDEk8bhbGNNb42qfLSFjMG3,0,1,0.0000,0.0019,-0.0019,-2694.49,-0.66,0,""
644,EfZYKHTopSFPwvS8aU4nQeQCmMyyTD7DYfzYLBpWuQsg,0,1,0.0000,0.0020,-0.0020,-4947.69,0.00,0.000001,""
645,Fk7briPTXwKnktbmuPz5ZfcBvgrUxGECXafpDvpoApKM,0,1,0.0000,0.0020,-0.0020,-3487.84,-0.82,0.000001,""
646,RustQQ98WMbUrgL5i7sL5fFdyPbmk1sSh1QQkXHZrWs,4,4,0.0905,0.0926,-0.0021,1379.22,0.08,0,"bluechip_owner"
647,ALQAKJ1irFUxZUEGdh6zCmz96coy74mG6wPVDjF9vW3i,0,1,0.0000,0.0021,-0.0021,-3544.10,-2.34,0,""
648,CoPyPPWdm8SirumaAEe8S68nSJpHYhguN2L5i2YGxLB,2,2,0.0716,0.0738,-0.0022,67.79,325.16,0,""
649,CAnAcWDpwPgLPuED5uR5ARxKp3kQksJ15srgb7387jSC,0,1,0.0000,0.0022,-0.0022,-3532.04,1.56,0.000001,""
650,4MfKakdGuPxNpgWo93SVH1wbwg2x3sZe1qsifquzdXxY,1,1,0.0993,0.1015,-0.0023,0.00,2.75,0,""
651,7KNJP4iMU2dn4qMkwgTReMZCFVGhJ8vM4oj8GMBYh6Kj,0,1,0.0000,0.0023,-0.0023,-5084.47,-1.93,0,"axiom"
652,FewgNKqBUHaitDydHzdxAqjfmj94xZt4G4dxjA4fyFPW,0,1,0.0000,0.0023,-0.0023,-3246.67,0.00,0,""
653,9ggCi5Fmfa6zLV8oY7cbLABAfZcY2hJfnQREwkTokWDH,1,1,0.1485,0.1509,-0.0024,0.00,0.15,0,""
654,BcB59Sjui66nR7EsqWrRptS6KPdqAArbJUiPZGupGSmo,0,1,0.0000,0.0024,-0.0024,-4744.75,-3.25,0,"photon"
655,HtHCrvQSUojWkCQgem7jLaWVKfD4KNU9moLJffgWuAge,4,4,0.1974,0.1998,-0.0025,1616.42,3.82,0,"paper_hands"
656,6nT29TaJR1QBGQT8Ahmw64miKFRq3Y78kvVcEGut8swk,0,1,0.0000,0.0025,-0.0025,-5553.35,-1.77,0,""
657,6ocRbmE1nSkhj23VBSBwg5jazwEkJLwf9k2KHRLzJotp,1,1,0.0148,0.0173,-0.0025,16336.69,1.85,0,""
658,13r4nzSZ487v6V72CMBS2eN2bGRNWjjhXiNerpWbcv3r,1,1,0.0058,0.0085,-0.0027,0.00,-1.32,0,""
659,FkdDHrM8j8psKbxuwjV1jBKCM2JGPygkj7WCX8sSCzNm,5,5,0.1092,0.1119,-0.0027,415.33,9.56,0,"sandwich_bot; bluechip_owner"
660,84zLuqHF2vfm64YmRED2obCDHwzcYCRDn1e5BEDbqMJX,0,1,0.0000,0.0028,-0.0028,-6177.89,127.36,0,""
661,HrTYt7FV9PoZQFV4tbmnJ3sgnXhtAg9nvkuLW3gRZ77G,0,1,0.0000,0.0028,-0.0028,-4363.58,17.11,0,"bundler"
662,CJ7uX8nxqnJkQSWA2XxP11bpcEgTaVoTcFRDJa6WFLm2,0,1,0.0000,0.0031,-0.0031,-6349.28,-4.51,0,"gmgn"
663,62My9hR9cD5snZXFpdM57swvdMjXx4XsWNrTbbSQUqz5,0,1,0.0000,0.0031,-0.0031,-4410.99,4.28,0,""
664,FTWAW1UwhdPDVHgCXC7cYNUdbSSwgscGShCJvJ9jPnMS,0,1,0.0000,0.0031,-0.0031,-5589.32,-5.58,0,""
665,8gBn9SwqQ3H3DQTMTKv96iBZQ3Fd9bs7BEKUqs4V3yv3,1,1,0.0005,0.0037,-0.0032,-6926.84,0.74,0,"paper_hands"
666,83VgQyZiFcb2mse9w9v2jRwfRRFTL3tehpfFMUXdQMdC,0,1,0.0000,0.0032,-0.0032,-5290.24,-1.85,0,""
667,12RvQtuJF9YCgHsqzTWHDs81VyvGCsxwLjEmV57X8uha,0,1,0.0000,0.0032,-0.0032,-3480.65,-3.15,0,""
668,7jwiFySmwQ5YAsgzABsC8byNh8DcWvC5pT7wM6JMqT4v,0,1,0.0000,0.0033,-0.0033,-4493.42,-20.25,0,""
669,9cZeenv87bnjDfqpgYjVZNPSpkjrAsv2ja3AasMdExTe,1,1,0.0859,0.0892,-0.0034,0.00,3.18,0,""
670,7fybwXdXvKwY2aCKmaK85dPUVGSPnS6fwHXbgEPWoP1y,3,3,0.1768,0.1802,-0.0034,2605.19,2.41,0,""
671,GgGap6tiUKhD8XeUZaHpVB3rerb3zKWNouWQJHozDujt,4,4,0.1285,0.1319,-0.0034,2280.91,8.83,0,"sandwich_bot; bluechip_owner"
672,GRJwgkcpADQN2mjBbeKNmUH8EEToRYn5NSRJvGqNBsJZ,2,2,0.0894,0.0929,-0.0035,0.00,1.73,0,""
673,G4K4AL1xcRXAiKFpdAJoipF2b8jC9rMFSzHnUxPcvBHa,1,1,0.0200,0.0235,-0.0035,62.99,24.00,0,"diamond_hands"
674,zWJ5aMqndkXZ2ry3g2SgFQAtu1cmXBLoCyzvBqKvUeq,1,1,0.1946,0.1981,-0.0035,0.00,37.34,0,"bundler; paper_hands"
675,5ArMg2dNY9uHkvC8RHrrriEJWL6pgvBPbyEsLYhBG5nG,1,1,0.0098,0.0134,-0.0036,0.00,0.31,0,""
676,4LeQ2gYL7rv4GBhAJu2kwetbQjbZ3cHPsEwJYwE3CGE4,6,6,0.1328,0.1364,-0.0037,0.00,28.10,0,"sandwich_bot; bluechip_owner"
677,3UNWZp8Aph81aHBSShLqV2Tvu5cmAPVyVcEsz6fvSffe,5,5,0.1306,0.1343,-0.0037,0.00,241.78,0,""
678,3RvuW1JeFV9gvcCx1FaGoga7uEomcw8gJCdTS5AiLXWD,2,2,0.1292,0.1329,-0.0037,4524.54,2.59,0,""
679,7cy13wSGgq1zmq8FFVEo5YAPpFLRuPsVKvNyrfJW76dH,0,1,0.0000,0.0038,-0.0038,-6167.35,-6.33,0,""
680,2gJjJxLPUVf1wSCmUTL15KH198q6jdN6PYTtd9CJUghn,1,1,0.0099,0.0137,-0.0038,0.00,0.32,0,""
681,A7L1hE6VCDfmRyiVrrPD225w1v9Rhrmt6j1n4EVmonVt,0,1,0.0000,0.0039,-0.0039,-8855.42,-6.84,0,""
682,7rbxsXchaL1Jz46BXbF88k1hBYoWHLaKo8YbofMndW46,2,2,0.0992,0.1031,-0.0039,0.00,6.74,0,"paper_hands"
683,GuM7SQR7BQnbVY9VFQBi61kNdTVqR5z538Eq86yJnzr2,0,1,0.0000,0.0039,-0.0039,-6131.77,-0.25,0,""
684,At2AiVHrmnf9er1mRL6i7VQigBdCLRvxdaqdEJe8Kkb6,0,1,0.0000,0.0040,-0.0040,-7164.95,-4.59,0,""
685,8E8ok56gyh3TqyqYwB3tQ7nnQdkebi22unFvqssTLPth,0,1,0.0000,0.0041,-0.0041,-9811.89,-4.44,0,""
686,DPyoikoBK83K4QobVsprBAFfLewyPtorLnotxZuCQXxQ,2,2,0.1276,0.1319,-0.0043,0.00,-7.56,0,"paper_hands"
687,32BNjU38JiXY34h5zZ738PiZS8wxdGbrvNz47UG1jEPM,0,1,0.0000,0.0046,-0.0046,-8997.32,-2.81,0,""
688,5G7Xh1UyrPJSpNyAHqxQJgCGAMHadaveF6fyrcjmo7rJ,1,1,0.2017,0.2065,-0.0048,4007.84,1.00,0,""
689,EAxu8z5YQrnm37Vi3AmkFCjPPeDFhs3J2wY1JboZgocu,0,1,0.0000,0.0048,-0.0048,-7462.31,-4.60,0,""
690,2tVsS8C3RxR4yiFXZ44sZsLt1YhcuDTMg11dt9bYbaBy,0,1,0.0000,0.0049,-0.0049,-7834.46,3.19,0,"gmgn"
691,5reiNwyWJ5m3BZwo5yqDknCXeMNgYH55DunVWQJoepbL,1,1,0.2883,0.2933,-0.0051,0.00,5.29,0,""
692,CuCyvUgG3779tr52ubiHoRj8QwVeaa6LvVvCSYgjcRXC,1,2,0.4939,0.4990,-0.0051,0.00,0.00,0,"bundler"
693,D8sCP3N93EdpPEiPZXQPFS9JA4V3nRYsP1iPLxriKoic,0,1,0.0000,0.0051,-0.0051,-8269.02,-1.83,0,""
694,GxDC9e7SP9mzhDo4re5HbpLa2RW7gB9DtmThx4i4pXSq,5,5,0.2469,0.2520,-0.0051,6445.53,167.16,0,"sandwich_bot; bluechip_owner"
695,6PRVzkPomaMyVmqFgevndifARQ7BtA1rfrqhYvcsRQM9,0,1,0.0000,0.0051,-0.0051,-8173.30,-3.79,0,"axiom"
696,B1B3xuyPF56PsKwVUZvnWsHKwTXe8hZeuLpeCnB6bG4a,1,1,0.0006,0.0057,-0.0051,-7362.64,51.61,0,"bundler"
697,B5y1JuLPpCAZv3xL9k34874Fj8EHgNj2ySPsf4BWCM5Q,0,1,0.0000,0.0053,-0.0053,-9585.94,6.36,0,""
698,8NQ32SyFKD1d5kenq4oM8Da6C6J9TQSMW1uAgFRveEQr,2,2,0.1809,0.1863,-0.0054,0.00,115.94,0,"bundler"
699,FhHw1xSBqCxwCeVmaBNF2JTafNzeHQ43a9FRZDhV2ETD,0,1,0.0000,0.0054,-0.0054,-9820.88,-9.47,0,""
700,VVGPFrgDLuxHzVBV2dypRvkDuFqzemfmqQ8Py3oTvnY,17,14,5.0235,5.0290,-0.0055,-833793.20,-53.31,0,"fresh_wallet; paper_hands"
701,BAu5aVsWMcwQ7PruTCczv5MtoSQxporwQbubJnJFsDaE,0,1,0.0000,0.0056,-0.0056,-7294.35,-2.94,0,""
702,8xUZfS19HC4GHZWhAK37hZq1a7ffeCtxRT8MvV47BiZG,0,1,0.0000,0.0056,-0.0056,-8926.50,-6.76,0,""
703,E2FkWTA5JA321nrvn3PdsRtoY4SWjuMGwfTC2FEEMMzq,2,2,0.2095,0.2152,-0.0057,0.00,0.44,0,""
704,HK7aLFrSXgUhaTPCJpEBDS6kgfwG9kJUBUqThFhX5PMG,0,2,0.0000,0.0058,-0.0058,-11574.50,-0.03,0,""
705,5GU8XGmfvrzFPsM7xHrthQT1Y1GKm93ByveRALLvHv4j,0,1,0.0000,0.0061,-0.0061,-10350.20,-0.05,0,""
706,H4arxkST9m8UaASkLxEKrAT7RrfvayBBWV9oYpVkXZDb,7,7,0.5222,0.5286,-0.0065,14465.61,34.12,0,"bullx"
707,UUAhspPgUdGuXUnokmxERH1VvNGNh1ouN3mfcbfV8yd,5,5,0.2298,0.2363,-0.0066,4881.30,170.76,0,"sandwich_bot; bluechip_owner"
708,5Npq5kiG2Kt2381jyTE1ZfGzmbakXdQS96YoJhLAhaVL,1,1,0.0043,0.0112,-0.0069,-11830.37,1.91,0,""
709,E84bqTUdsZhHMvsHneFeJwyqTixydzw3zwBUdkUSHGED,4,1,0.6922,0.6991,-0.0069,0.00,-8.45,0,"gmgn"
710,mmZwRD8Jx19terUc7K5u2jCfZMziD2FoKHq6hoyR9mK,1,1,0.0400,0.0469,-0.0069,419.81,72.25,0,"bluechip_owner; diamond_hands"
711,Fe3CeE98H7L7iNDG3VDyDZjFa1rpdxghfQiAg6jbTj3G,2,2,0.1179,0.1248,-0.0069,0.00,1.40,0,""
712,DnnnNjHwo61hXcq48mokGeoTGx6ANwPBY2exAsZAJQuR,0,1,0.0000,0.0072,-0.0072,-16464.14,-13.61,0,""
713,Bkt5d8jz3CN9SHx244ZP9L39aLdsiFNM2C9rjoUMciDx,0,1,0.0000,0.0076,-0.0076,-10433.17,1.74,0,""
714,GfS3ZWBLHa87kR6QcvzHnzSdLkqkDsTNpiAUuA7eZqkG,0,1,0.0000,0.0077,-0.0077,-13735.62,-9.19,0,"gmgn"
715,DnEi5hMJJZKRy1QSkVxpvqvymv4M6PUshR1r9K2j6cvw,3,3,0.3191,0.3267,-0.0077,17914.04,9.39,0,"bluechip_owner"
716,9YVG9tAdZtCNowbD2YEVpSLZHighJduByMaEmACTMAmL,1,1,0.2289,0.2366,-0.0077,0.00,0.54,0,""
717,4sZG7WLhjW3aHyXhsuokbaDoRnf4PdiiZtc7XXS2MMVu,0,1,0.0000,0.0077,-0.0077,-10995.42,0.00,0,""
718,FiswPv2gchirac1axuTNyW9ccwyurfonAYP1TSKfFksb,0,1,0.0000,0.0078,-0.0078,-11267.77,-8.75,0,""
719,7M9YZTPSFmUSjTch5Huh41JF4waTnWAiDMXWqJhnMS2h,0,1,0.0000,0.0080,-0.0080,-12820.02,-3.18,0,"trojan"
720,Bfrg9ij75er3Zu9oEgF8G2z5azTqwaow2MBPTPet8WGq,0,1,0.0000,0.0083,-0.0083,-14270.30,0.00,0,"paper_hands"
721,Bz9ETFkwC59TYq4FBsxZB4BaLqqGKc7EPMHdC9Fk3QDH,1,1,0.2847,0.2930,-0.0084,12230.19,9.29,0,"sandwich_bot; bluechip_owner"
722,2fHT9wBhywYonsanbhBz3drj7eizbTDNUVh71X5o13JD,0,1,0.0000,0.0085,-0.0085,-19365.73,-2.21,0,""
723,95PEiRc8Bz9AS61ZcqV2XEZCLyjRq8MsLiH5GKQEc3Kz,1,1,0.4946,0.5032,-0.0085,0.00,-25.96,0,"gmgn; paper_hands"
724,EiV7YtykrZWXbzXSazdcTnEZ3FXZf2bVnhj8EQJxY8qu,0,1,0.0000,0.0090,-0.0090,-14109.69,-524.07,0,""
725,D7c5h3KBxoKsXBg5hhqmK4zZ2zcBgwBBs1egFc2hQZRE,0,1,0.0000,0.0090,-0.0090,-21479.13,-14.25,0,""
726,8UfY3zpAXU6HJehnDTGBEs2LmmRUeAHtiHHNBXNUBM8Q,0,1,0.0000,0.0092,-0.0092,-12891.14,-5.67,0,""
727,FCmpkGaSFUs1wzabknVcpgBNwWjB8c2nB37DmbrE3uqR,0,1,0.0000,0.0093,-0.0093,-15654.36,-9.09,0,""
728,3hABxPaFS81TSFv7E49VwQaGk9Cv5kBunbWdrYFKPP5R,8,8,2.4224,2.4318,-0.0094,0.00,25.88,0,"paper_hands; bundler"
729,BbUif9ELs9cPc5RtPFtfXuveVb4LncLZM33G5JqR4hs,3,3,0.2970,0.3067,-0.0096,0.00,0.73,0,"bundler; paper_hands"
730,64rA8i4PwxbjpvtpVg6EWDxLt9Pavr3hG9uWHZLZDXre,1,1,0.0296,0.0392,-0.0096,-17007.73,1.77,0,""
731,fgdw9wkKGkzqBsofatCCMHf3e5wfUCqPgCBhDtftAvJ,0,1,0.0000,0.0097,-0.0097,-13743.72,-1.03,0,"axiom"
732,G6hMTdoiBtK2e5DXbxh2pNeVde1e9mezEDNhNdzRRCCi,0,1,0.0000,0.0098,-0.0098,-14413.26,-7.41,0,"gmgn"
733,VC1moJkynFLzriqFtpXrW161pC3KSCXMKhUHnTk6KxN,0,1,0.0000,0.0099,-0.0099,-19727.34,-0.24,0,""
734,FTUTNkcdPyFmtLbcWh7rhGMpT2aFQZ8cRPqQHTV5bL7w,0,1,0.0000,0.0099,-0.0099,-6921.34,-0.31,0,""
735,Hb4oJ75Er45brAvjxnkikBeuLHSMFc4tD84X3oiW3soz,0,1,0.0000,0.0101,-0.0101,-15029.18,-13.79,0,"gmgn"
736,H2G7T9ZJ2LTwiSVsK7p1VQ3TaS2YM9NGTN5HT8aoTRse,0,1,0.0000,0.0101,-0.0101,-15189.95,-1.93,0,""
737,5Dnice7YsHCrPaczioCciRxo98iKWmKXXqS7eGVd8oTL,2,2,0.1065,0.1167,-0.0102,0.00,7.24,0,"paper_hands"
738,8c3sWHwi96ZCP9rJqaRJUmCsYexbTHheGMaKth31m1m,5,5,0.4528,0.4633,-0.0104,6011.77,294.94,0,"sandwich_bot; bluechip_owner"
739,C91PotZ4nEzAQmbzJHFtA9xb8ZovDQk6regZmHA5KSKv,0,1,0.0000,0.0108,-0.0108,-17970.19,14.35,0,""
740,BzDffixHPDAQ4tsDKE8PE2hUV95ds9skNJhf1LfcLgyS,1,1,0.0127,0.0237,-0.0109,-23975.99,-0.47,0,""
741,2d3xHwE9eKjVJ9oqkaXNugz3Bu5oBrNZMtr8up6USaME,15,15,0.1480,0.1590,-0.0110,3036.15,4.86,0,"paper_hands"
742,EMaMXu9ckRGRMGJiArXpMcWbseYZSEAVPhvVLdbvaDPo,0,1,0.0000,0.0111,-0.0111,-19372.69,-16.69,0,"gmgn; padre"
743,44x5WwRkazGtPofU4yzZB5KDCmmLKqKLtVuyWtwyQgNU,0,1,0.0000,0.0114,-0.0114,-23200.54,0.00,0,""
744,D7m1R31XgiL3QXwGuUSsAwFE5Jupwtaa19WucjBcCuJE,3,1,0.0743,0.0858,-0.0115,-13535.56,107.44,0,"paper_hands"
745,F3DUZaVLvjPuiYDuaT6YNKxG7hxdXET2wwm4LcWd6j4Z,17,18,0.1676,0.1791,-0.0116,-5920.58,9.43,0,"paper_hands"
746,5pk1LEGRA9WRGUiiE2ZmURJoVMKcLTtzaXFFyAhf5wQJ,5,2,0.3628,0.3744,-0.0116,-104312.82,83.24,0,""
747,6kxV3q22kgJ7TikViUVLAB1Ua6f32bT75rPk1WUTqnX9,0,1,0.0000,0.0116,-0.0116,-19311.97,0.00,0,""
748,BhVpujtyTmFZi4G38aP6PCQwe74ix9QSj97VU1joyuTL,0,1,0.0000,0.0121,-0.0121,-23449.73,-7.21,0,""
749,6Q5sBZxM9wPDzo2Pgr3F5RACpvjxsWArvjEVY6bJ7SNj,0,1,0.0000,0.0124,-0.0124,-26672.03,-16.40,0,""
750,6rkvdZSvu5aQjK4Tizx128onfp5eWx3wnRM6svnY2dfj,2,2,0.1318,0.1442,-0.0124,0.00,0.42,0,"gmgn; paper_hands"
751,8z5jCCFACvFao8LjKVc87XvvhPo5XjKEwpvUiKrGh6nV,0,1,0.0000,0.0125,-0.0125,-17807.44,4.76,0,""
752,b59v514HsJZCU5ZsR4Da3fSwuuDnW8j7R8DzpnjfzGD,4,4,0.2948,0.3074,-0.0126,1313.43,3.70,0,"fresh_wallet; bluechip_owner"
753,GZNJw2CGSYJYQW4AQBdHpWMNQEBttLLXfbHxipEYh9Nb,0,1,0.0000,0.0127,-0.0127,-21581.56,0.00,0,"paper_hands"
754,HCH9k6CWhpRY9VwupZwWZsduThK4M1GdF6V3DWDAmhtp,1,1,0.0490,0.0618,-0.0127,-13335.15,17.24,0,"axiom"
755,AaoGQHg6QLeNhMgWVdAeGMsygfJzuXXxW4sjQYZ1Mha1,0,1,0.0000,0.0131,-0.0131,-27866.51,-3.75,0,"gmgn"
756,8J6CjCbGxKp8tCkA7YpFvwq5wDnqkiez4JTbo5XLPwV7,0,1,0.0000,0.0133,-0.0133,-29220.79,-2.02,0,""
757,3cf5rdznXxBGQYNNE1tgCfC316ZhTiaQKghiE9WrVRSG,0,1,0.0000,0.0134,-0.0134,-24118.52,-9.27,0,""
758,A12FEq9L4LRAqpSxeybuXu4Voy3od3CeBYi2qtYi5wsg,0,1,0.0000,0.0140,-0.0140,-11269.98,0.00,0,""
759,5uwhwTWtPNbhjA5GnBAdMEYT2sQUBkgTB9XAFEvF5n2n,0,1,0.0000,0.0140,-0.0140,-26601.79,6.63,0,"axiom"
760,EnSjEtiwJSS6DznRsC4neEeiZXamtTVEYjFamcyQq26X,0,1,0.0000,0.0143,-0.0143,-22225.89,60.16,246654.600861,""
761,AQcUicN854KXkmxdoCoQAtKMh7Ru6W5vJ8Lvgz6hb6dQ,4,4,2.4917,2.5063,-0.0146,338403.47,10.89,0,"gmgn"
762,6Zo4FeKCMKouEQdwW1qNw7oKZWnPMuCCLxGgoaTfEjbP,0,1,0.0000,0.0146,-0.0146,-29756.70,7.49,29756.698079,""
763,FwJLvwCddk8pfPVqVBnuJTqMRniaD4dfAjvj8PQyNjGD,1,1,0.0545,0.0692,-0.0147,-16827.99,-45.63,0,"paper_hands"
764,Gy83YupYDjoMm44DDE3QtKnsJQPANfaN6YkQinogTmAy,0,4,0.0000,0.0148,-0.0148,-20000.00,-5.55,0,""
765,2uDSkcxDL1RE9UuSkAt2qVpPbwJLKbBrRCvRgQrqdcRc,0,1,0.0000,0.0149,-0.0149,-25588.84,-4.82,0,""
766,2cJChnwQ4r9J4fham8j9GLsd9bd4wQGUqxAuaJUadF7M,0,1,0.0000,0.0150,-0.0150,-29797.73,-53.42,0,""
767,9q1B3rSUbvbVQSrhgcG9RdCNoy9z6FwhWFfKYntPsGv8,0,1,0.0000,0.0152,-0.0152,-25562.89,-665.98,0,"bundler"
768,26ooGGTHJwqr56cNg68oQge98LHw7Gq6HQw4grycFtEb,6,6,0.7604,0.7757,-0.0153,14130.92,360.79,6876.25962,"sandwich_bot; bluechip_owner"
769,3BsCMdMvppQQyAfU4tHowBzU8WMbKUGy8691CNop4h5x,0,1,0.0000,0.0155,-0.0155,-15698.47,-12.76,0,"axiom"
770,3wySQwtsBFP1LFEVgB8dDZe4LYmwYa67dZFx85cZf16x,0,1,0.0000,0.0156,-0.0156,-29987.94,-47.53,0,""
771,9mobo4wyUWFVa4A9aKDN5f6kCnFGZ6KhCcEG3RJXC8xd,3,3,0.2880,0.3037,-0.0157,0.00,2.70,0,"paper_hands"
772,8qy8mUdE2ojkt7pJ3tfp8fjjqwkW5HEg2bJrLAQUy7nC,0,1,0.0000,0.0157,-0.0157,-25609.47,-7.96,0.000001,""
773,EiH1FhZg4YYoWGQSWbS7ge3PTE99oKZDCYnNDfTag7iK,0,1,0.0000,0.0158,-0.0158,-34845.36,-2.91,0,""
774,ArNiewVicyvBThW6px6TZH4W7zEniVZsLRfq8KxMpVLp,0,1,0.0000,0.0159,-0.0159,-11649.81,-0.24,0,"paper_hands"
775,9afLZv2Eiz7aZJ2o4xBV7vLbWkBWCjAUoHCziKxafExT,0,1,0.0000,0.0159,-0.0159,-11203.99,24.22,0,""
776,9ApSPFeLt8nD6RrS6esaKjFRWqUViiaybWXvLw4fgw94,1,1,0.1980,0.2142,-0.0161,0.00,2.46,0,"bundler; paper_hands"
777,Di3XCpJQ69gfheQLJbsLQwx2eCQXveNKRv1iExuBvFer,0,1,0.0000,0.0161,-0.0161,-11230.04,-8.49,0,""
778,4FREYYxYzSByCKwDuHqVB2Xmg5chRMebdNWQV6a3xVur,0,1,0.0000,0.0161,-0.0161,-37454.33,-5.79,104.364167,""
779,BDtkFwgEpSYFoYoWHjqqmm2qyHFPXPBC38RhzFnQixEC,1,1,0.4008,0.4170,-0.0162,0.00,63.41,0,"paper_hands; bundler"
780,31v89dd6ifX577JVio5SnEP2eMTvNgFR3Jn59VVLpWZ7,1,1,0.2941,0.3104,-0.0163,0.00,1.39,0,""
781,En3NPq8o9Cynf1Q3eP69AqZmPKmBaDugYnE832o2YuzP,7,7,0.4818,0.4983,-0.0165,2876.16,-0.45,0,"sandwich_bot; bluechip_owner"
782,9nzoDjseKRs3yfDAKqnf4SLLVn1S2VLAh3uBZ9R51Q9g,0,1,0.0000,0.0166,-0.0166,-28584.70,-11.69,0,""
783,9wGYtUKzg7MJ2m4ootVwxejcJpDYZTPKQLfRBMnpvYuT,0,1,0.0000,0.0167,-0.0167,-24643.99,-5.14,0,""
784,4Nxn1oU3BL3vNBkdM3HBMdwwh6T7TdYJ8cBppJgkEZrj,0,1,0.0000,0.0173,-0.0173,-30997.13,12.84,0,""
785,8AJ8XfYyvE9uqKh2U5fk2FszMzqcFy9ZVbsFi2bHT8wK,0,1,0.0000,0.0175,-0.0175,-15703.62,-17.78,0,"padre"
786,A22g76t2Ne6HAaNCrhGz4vPL29ap5cztfVeVAqMoX5Y6,23,24,0.2271,0.2448,-0.0177,-5525.15,0.60,0,"paper_hands"
787,HUpvDkk1QqABynbGgpLb2Q3ACwbu3m6HRqrXQkr72QHK,0,1,0.0000,0.0178,-0.0178,-25653.39,-9.10,0,""
788,6ip66PjR3CL6SBRizNL7BMgiwnPz4ed96coznqTHJD9g,1,1,0.0956,0.1135,-0.0179,0.00,0.84,0,""
789,nikaZhqeJSSxRKMQowzVThPFgLacCL4QVz5sG9VX6k9,2,2,0.3564,0.3746,-0.0182,23347.04,5.99,0,"fresh_wallet; bluechip_owner"
790,4dMJg5bsvWSq56zLujsXxTGaBrgKepeHdtFYSrgwho5y,0,1,0.0000,0.0186,-0.0186,-34383.17,-49.72,0,"axiom"
791,E4Ni7njMTa48YY83YdfapD9o5imUhX6TQTPuKxFyX6Xe,0,1,0.0000,0.0195,-0.0195,-19505.74,-3.71,974257.239481,""
792,6AGp6zbGNuyZpmzeswv9KCNU15Rf37UQDqDqFAeHmS8d,4,4,0.6572,0.6769,-0.0197,26769.96,241.02,0,""
793,82vDRwsebqxJWJPcnT9w6ECny8r2ry5EovP4Dkkt6phB,0,1,0.0000,0.0200,-0.0200,-26388.62,-101.45,0,""
794,xDDHb42oFRQ71pWbwCM4Fqj19WHKxTknMReKy8XUNcg,2,2,0.4340,0.4543,-0.0202,0.00,118.86,0,"smart_degen"
795,E9pTj3fVh5YSK6on2vQDNPMkCkwY7GipVpKMnaDrFrfR,0,1,0.0000,0.0207,-0.0207,-48115.20,-18.40,0,"gmgn"
796,C7KfNVYJ3Dk2h1zjoJjxBFeDRoNWTPf5EgTkdzc3QoCb,1,1,0.3106,0.3317,-0.0210,-140583.24,-46.88,0,"trojan"
797,2MZZztW33VFMtECXRXkgU9RunYgNsi7hL3DZVk64rknZ,0,1,0.0000,0.0216,-0.0216,-15875.74,0.61,0,""
798,8kTXGWyoWYd83vfkEbzU1dgxRNbz6wPR8RKEx1nLJD7A,0,1,0.0000,0.0217,-0.0217,-36823.13,-11.65,0,""
799,ApeYxAVqmn5Y71cgMW7CtuKzCPNkoA8vDamE2emtdPf1,0,1,0.0000,0.0217,-0.0217,-25755.49,0.00,0,"paper_hands"
800,8PLo1fuqhvYcQwpM6cjAhAeWU7WpKD5BAZ86Q6bkB9zJ,0,1,0.0000,0.0217,-0.0217,-31110.80,0.00,0,""
801,7R5UQ1mRBRxzYJWdV2y4ve4av88BSSncHxPf1kgkabaK,2,3,0.0084,0.0302,-0.0218,-15170.28,4.03,0,"paper_hands"
802,AhgPUeWKpM6p3pqsec9LmN2yG1MkFMWn6YuXGYa5zVYA,0,1,0.0000,0.0218,-0.0218,-41850.39,329.91,0,"gmgn"
803,5XnKwFCzzcYGTiBHSbSD4sDEu9sPSYrWwc4npJKDe94a,0,1,0.0000,0.0222,-0.0222,-33325.83,-75.65,0,""
804,3bsUQARz3HwXmCGacp7CmbP9FHZCPxfNY6phPajtQE5r,0,1,0.0000,0.0226,-0.0226,-37863.67,0.00,0,""
805,popo3Rj6arKNttyUFpWfbkv2gG8uS13TGtmH6JPMuHz,2,4,4.5741,4.5971,-0.0230,0.00,560.19,0,"paper_hands; bundler"
806,GLXTWMeC4yMSpYNvBu2YbzhwmnV1SX1S5YMPvp5uuYAM,55,8,0.6089,0.6335,-0.0246,4544.11,77.47,0,"paper_hands"
807,3pBVyQRZmvue1biZonm8w9DZHPZJPvVZnwQQLY5PzGSe,1,1,1.9604,1.9851,-0.0247,0.00,82.06,0,"axiom; bundler; paper_hands"
808,FGDGwJPDkWw91iWbAwj4Q3R7s4tBQwVLcHsQvnaBTaCp,1,1,0.1963,0.2213,-0.0250,-137781.55,36.85,0,""
809,DsCJ5siuJTPQtQa3A9N69azGZaWtUPzi9VPp2G9Jfpx9,3,3,0.5118,0.5372,-0.0254,0.00,1178.04,0,"sandwich_bot; paper_hands"
810,5aWGYrKAAaqEygFL4yYTXrbzSLgTxSosbNHsNzxox43p,0,1,0.0000,0.0255,-0.0255,-18183.12,-0.80,0,""
811,3yS3cY9PwRZwKkLCAWGsmM4j5QHnPdQCzHPSCnnDm9Jv,1,1,0.4008,0.4264,-0.0256,0.00,121.02,0,"paper_hands; bundler"
812,Cn86XkHWxnxwKE5PQ26iwytigRvK2DUqmTnpsfNA2YGf,0,1,0.0000,0.0260,-0.0260,-37584.77,-23.12,0,"bundler"
813,ADff4mQrZcNwpHxBcJeKqVhWYUUd78mWbTdMHcjofxuY,1,3,0.0115,0.0377,-0.0261,-23403.26,3.01,202315.881121,""
814,4w1tTQB8TY1FGCwt3WkeNy68kAgZRDm1NumEVjYDi6v1,1,2,0.0352,0.0617,-0.0264,-29289.22,25.95,0,"bundler"
815,GhifnHMJh3eY9c8PuuQ8rCA6eQqHogBqmqz3N352jagY,0,1,0.0000,0.0266,-0.0266,-42628.41,-1.38,0,""
816,7J4EMpvQXJ6kQyNqQHHmoj5ZVWAQf8jau21Yd4JMr4yH,0,1,0.0000,0.0267,-0.0267,-41276.14,-12.25,0,"trojan"
817,DXMR7EsE7NbQAvrTiYjiTka3zkjX2pGky2R4JKTeJWzn,2,1,1.4837,1.5107,-0.0270,0.00,-310.16,0,""
818,3qE6wmLCWya2g4BbXeGM65aEU8oV3a97tDAzSuRQd2sz,0,1,0.0000,0.0271,-0.0271,-49879.06,-0.01,0,"paper_hands"
819,2aD9kmob52cfNRffxUqCqA85gdjycKtArfMj9q8jzkNK,2,3,2.1003,2.1275,-0.0272,27405.46,3.67,0,"fresh_wallet"
820,DBcRVFntVE2mvFzspUVgZFYT94cRE2meETBwUwBo4Brw,0,4,0.0000,0.0273,-0.0273,-44127.24,-26.83,0,""
821,38MUG8yt8kZ64aqLmnx3mjzRp7ufepePo4cGBerz5tRY,2,2,0.6839,0.7119,-0.0280,50352.59,560.47,0,""
822,8pY1AukbuPgUE3EetyLa59rFLMimJGT94ZzbMEZcQF4w,37,56,1.1053,1.1335,-0.0282,20553.60,159.19,0.000046,"sandwich_bot; bluechip_owner; paper_hands"
823,9yhbWqxUAjGg8GY2K8ta3mD7YUy6MguyRMog383KN4ZN,0,1,0.0000,0.0287,-0.0287,-42419.66,-2.86,0,""
824,6D8XwC1LAwdWhiQSCadS9uNwg5k9GJapV4kpjsiMUSqR,0,1,0.0000,0.0293,-0.0293,-19634.16,-0.65,0,""
825,ncg7JTvgZdtYr4UMC12vuMCePvAbbJLreU8Ceb2WQPu,0,1,0.0000,0.0293,-0.0293,-34642.08,0.00,0,"paper_hands"
826,9CT9bmdDHaxVPiyYvpPfCiH9RGp87TGZBRs2oTMh5UP7,0,1,0.0000,0.0293,-0.0293,-51586.50,0.44,4773.656785,"bluechip_owner; fomo"
827,6AZjmqX3aX9PAm1FvqhoXA2kfSzd13Qt85ieJpd7z56f,2,2,2.3070,2.3365,-0.0295,0.00,3.02,0,"fresh_wallet; paper_hands"
828,FnyEgaEPJzgfm3jozbYDCrSeFrKNDMKEsRMsw41DT5dn,0,1,0.0000,0.0299,-0.0299,-60192.27,-0.70,0,""
829,H6EtpNNizCppByyt5Jj5bmpm1GN9MMpBoycBzDhiWrQS,0,1,0.0000,0.0300,-0.0300,-57840.00,349.07,0,""
830,HBmEi5JxeS2Jc6HWFW4p8Cw86CR3yBHqZ9R2hUf2ga2J,0,1,0.0000,0.0302,-0.0302,-57820.45,-9.63,0,"gmgn"
831,Bc2J9cMVPC93SfM1LPX7nmSZTvHij8uWbExxH7XroMBE,1,1,0.0029,0.0336,-0.0307,-41581.67,0.33,0,""
832,GgDugEv4D9ErCSSkt96ZqAKpaXNdTK2Psse95UN7yFgQ,0,1,0.0000,0.0309,-0.0309,-60824.81,-46.09,0,""
833,2JgfZDwHYgoacWU52oKfNwv7xU95Xf3YLDSzBChoJvZC,0,1,0.0000,0.0309,-0.0309,-30725.17,-10.00,0,""
834,C4kgEsrM2c6PCSdR687yj77HeuNsFYJFexY58R64YDdf,1,1,0.3006,0.3315,-0.0309,0.00,2.15,0,"trojan"
835,5mYbNvsBmeM22QzRFi3iYJojQzZ4BRcVbRECxhWB6fXo,0,1,0.0000,0.0312,-0.0312,-58112.20,-2.47,0,""
836,3FPtZbsicrAa8tM9u9jRuFoUKjDPj5oGjPfT5YHtmyqr,0,1,0.0000,0.0328,-0.0328,-59171.57,-45.09,0,""
837,ESJDe4nfbaa9g3ocjWTvKdsbWhyyHZ8w7DhtYnxcRwA1,0,1,0.0000,0.0337,-0.0337,-50900.22,-5.72,0,""
838,E3chhxTiwEhE1eoKjCvpHthdU92GuNMjp8WLptFupDtj,0,1,0.0000,0.0344,-0.0344,-49768.72,55.29,1199947.466839,""
839,7dGrdJRYtsNR8UYxZ3TnifXGjGc9eRYLq9sELwYpuuUu,3,4,0.6138,0.6492,-0.0355,38476.38,1018.57,0,"sandwich_bot; bluechip_owner; bundler"
840,C6jyJ6trpPpriswRTUrisnhYPhyuaPEgxCd7sj7EykaN,0,1,0.0000,0.0356,-0.0356,-48458.00,-14.60,0,"padre"
841,9CeKNxLbnkVwQvQSBnBvyJ5XUbozWzDzoowY51EVE2hQ,11,6,0.3333,0.3690,-0.0358,-30000.96,-2.81,0,"diamond_hands"
842,6nhgkkSuYPFKXGR8uSeq4uWQnnfpsQzQ3VqBtGacdv21,0,1,0.0000,0.0361,-0.0361,-62087.54,-16.46,0.000001,""
843,AZdXrKjE64BZdiVQkTvGA8cNnamQ8zWfNZ5KcNCJ8mxT,0,1,0.0000,0.0366,-0.0366,-68973.50,50.34,0,""
844,43f3VezG3eVawnUvKnWwHrnZuzveVU5eyPeUn86bDFbR,0,1,0.0000,0.0370,-0.0370,-38265.73,15.93,0,"pepeboost"
845,EJmnm2LgH8suq7PVCQY78LjrmfZZyTa7czyirVdPWSM1,0,1,0.0000,0.0371,-0.0371,-33284.44,-5.93,0,""
846,7AtPmv8wgK9RY13ojGSrnYtcCMJGa1fNheqn1m2ZZdNd,0,1,0.0000,0.0373,-0.0373,-41154.29,-24.71,0,""
847,6LUhNwuxueyuSFDCNUEfTheGWi9wqJjtMxXJZT8ThJHV,0,1,0.0000,0.0373,-0.0373,-73022.41,-13.55,0,"axiom"
848,HEu2k4f2gAQmQVVe1Bshwzabm8dZ4XRecwsrhHhrQYq8,0,1,0.0000,0.0374,-0.0374,-59323.82,-141.07,0,""
849,2ccT5ahKLhWLvCJyoDZ5tnGyhZvC9WZpohHqjKs8qtKR,0,1,0.0000,0.0376,-0.0376,-64435.72,-44.03,0,""
850,G4VLM7Yfi8YP1TXhXtJ3jmobZ9f2NfwAmxquFE3XGYDZ,1,1,0.1005,0.1385,-0.0381,0.00,3.34,0,""
851,8eEGmxGNck9waDxNup8wDwj8uSeU3ajommJJwbLzQ3Cz,1,1,0.1780,0.2175,-0.0394,0.00,3.39,0,""
852,7uoZV6ocmJdsUuxpbJCweFCBq6aF55oF1hBpPVjTFvTL,0,1,0.0000,0.0403,-0.0403,-56727.92,-10.68,0,"gmgn"
853,G5YinCoqDRWkid8FwwMLJqft7wAHmEcNeBsMyhQXqS7d,0,1,0.0000,0.0404,-0.0404,-78285.05,-104.95,0,""
854,3eHirUFGPMvZGgwudR87juCYtjyGUdTtMiZ7mfAALLgB,0,1,0.0000,0.0407,-0.0407,-91776.40,-21.34,0,""
855,jB61bFaf7g6PCioSsg7sMLokHHRmcEFg9nRbu6sRGBU,0,1,0.0000,0.0408,-0.0408,-55218.30,-12.23,0,""
856,BXEG2w8K7BTVrHajxQ9zmdzwdnBxvHrU7HZrSuaBab8z,6,1,0.3470,0.3885,-0.0415,0.00,-32.39,0,"axiom"
857,7yyz9vK2fmV1Nju8M1sE2LKAKnCAcKuiQ2XYrCqKGuJj,0,1,0.0000,0.0417,-0.0417,-61507.70,-13.47,0,""
858,BdeVp45H5LHkUKYK6HQdoXBtK5JhgLU9XARvhTHgsdfp,2,2,0.3260,0.3679,-0.0419,0.00,3.05,0,"trojan"
859,81acxaA2Ji4vSEsYTuHgGs9wihDq4xsZ2EWUHPCUmLTb,0,1,0.0000,0.0421,-0.0421,-35617.97,163.56,0,"fresh_wallet"
860,GLKCyH5cJAK7ZGDMfWTSRz7R8ERFhmSBTXUgGmz9dMzy,0,1,0.0000,0.0425,-0.0425,-38537.60,-14.07,0,""
861,AXjeixffdmiGtpkChtnDehsJwX9TvpBHiyTkTz9bVGuA,1,1,0.0057,0.0494,-0.0437,-74622.99,-37.58,1974.677884,""
862,4QFWwscxM3m774gJ55YR3ryWhufaBy5nmsGYAkD78bLd,0,1,0.0000,0.0441,-0.0441,-97213.80,-67.08,0,"pepeboost"
863,3YTAUZHFWDGwBdXei4pfx6WkVqeP3FoBjgkR9JikM3h1,0,1,0.0000,0.0447,-0.0447,-97788.45,-25.03,0,""
864,HT2AC3F6MXX59CAdGgkKYtrstijzrjtEzyEiu8zYAvGs,0,1,0.0000,0.0453,-0.0453,-66157.97,0.00,0,"paper_hands"
865,7c7qKcHPeQSLUVczfTugkEJy5co5ihv93EHGSNHhiKXD,0,1,0.0000,0.0455,-0.0455,-66271.51,-6.31,0,""
866,JBzU99LYekSFhThpv4xHWDo4aC9eM1QKHULhio3owv7T,1,1,0.9653,1.0112,-0.0459,0.00,40.73,0,"paper_hands; bundler"
867,7xvNWtfAMbYLJVJaYZcSxHmnYykFTMg28YTHGUCd3VQz,4,5,0.3116,0.3585,-0.0469,-86008.05,-39.64,0,""
868,9osqrRW9EJxYs94QaohWV5a5waGhB68ALYd1dv8kXBts,0,1,0.0000,0.0469,-0.0469,-67268.40,-23.58,0,"bundler"
869,FEQL965x9aWiMc7DMe51r531KvL83g7XN4WRGpUW2Pmo,0,1,0.0000,0.0478,-0.0478,-66855.86,-158.32,0,""
870,GRZM6qWv8JwY376Zz3gvSRWAwJu7QSKf5MK8k4iGtGki,0,1,0.0000,0.0483,-0.0483,-92358.50,0.00,0,"paper_hands"
871,4Hviij1eyRngH5H17XRcDSRFREXcN39pA2nbPj85qrQ4,0,1,0.0000,0.0492,-0.0492,-100000.10,17.73,0,"gmgn"
872,32y5hfGUsssz1zAEoUmBxZLJ3h5WYSyEWUnsazFWch6c,0,1,0.0000,0.0492,-0.0492,-65230.69,-4.40,0,"axiom"
873,28pryh85shDtwFWoU2PyWSdaTveKkDSr2AkRxQGEarBW,0,2,0.0000,0.0500,-0.0500,-93481.62,0.00,0,""
874,CNMsr9Sz5Mim86dgo5kAjwvFL6mp8xPYHu1UxJNeBNWP,9,2,0.5941,0.6441,-0.0500,-0.00,32.69,0,""
875,AB7VjMHevb2posN8kmrkFec1Uq3b9N1yWbpjk4R9Lud2,0,1,0.0000,0.0525,-0.0525,-51777.65,-32.07,0,""
876,7wiC6ukBBZwkViqxuNEBvcLAM3N5vj1LCJTj6J8FTmpf,1,1,0.1509,0.2033,-0.0525,-82660.94,-9.95,0,""
877,EuXkc7yujmqK1aJhcA5xDuTiKEjk1dRyUgEDaHPernuk,1,1,1.3862,1.4389,-0.0527,0.00,4.40,0,""
878,DQgQz2ivibhFGG2kE8FFyZbBYFMWvFFNAhFkiUwuHNYm,6,4,8.0574,8.1111,-0.0537,0.00,3.37,0,"paper_hands"
879,2coc39xNsFEtA982du3Q1fiBDKuqyjj8VUb8v31dev9v,0,1,0.0000,0.0538,-0.0538,-71095.30,-588.76,0,""
880,6FgLeisnx9GwBEmcU65GzrKiLyHz12DmM1Za1qgZXQZ6,0,1,0.0000,0.0538,-0.0538,-48085.91,-37.08,0,"gmgn"
881,5XkVZ8yEzsqV13SvTyvDRUDigCHWNRKHMPVeXoDxfYN2,0,1,0.0000,0.0543,-0.0543,-81643.45,-63.86,0,"fresh_wallet"
882,bDjFgk8q8NA1i8quzKGuMC3QL8YNSW8XCHSCksLg35J,1,2,0.3241,0.3792,-0.0551,-108801.79,2.26,0,"bundler"
883,DvUK1T87Yv53774DjpDoF3g16NtrWAedMYvtnwjgkzT6,0,1,0.0000,0.0557,-0.0557,-51410.87,18.15,0,""
884,8kvhQzmrJWBJt3nDJWMJ8ST8oSazbUqocpdxxwbvATGU,0,1,0.0000,0.0558,-0.0558,-89550.01,-14.95,0,""
885,CKiZLZZvCYrPbD3FJfdghSng5jM9NV6Y6dvB9tGNm3zy,0,1,0.0000,0.0560,-0.0560,-126651.84,0.00,0,""
886,Agwb5rZ1eeNyi2HfqvJRWxMi6CmCY72xicwjbPUFAYVz,3,2,0.0994,0.1555,-0.0560,-66564.19,1.79,0,""
887,7c6sHiAnWHJdvjyZVoJVQfmt96nM283nsE5KWduHWt2w,0,1,0.0000,0.0569,-0.0569,-133659.07,0.00,0,""
888,LowaP8Y7EViv1EWTV5xvFhotDyhqfShvcRgDnSd8v8m,2,2,0.8488,0.9057,-0.0569,0.00,3.32,0,"paper_hands"
889,4jkL4dNkY2UbpYrTgLA3u5FqKwKs1LM46RcE6FQU3qXi,6,8,0.2502,0.3079,-0.0577,-75071.56,387.12,11166.780291,""
890,7BGLrJjh4CuHKJLFk9prBp5Gkph5oQZ1gYoZWEyx5mef,9,12,0.4132,0.4710,-0.0578,-160166.00,8.07,0,""
891,BEochrdGhm5pcKVF73DURYrGo1DLzxq6bBcUBphQR64d,0,1,0.0000,0.0582,-0.0582,-105742.13,0.00,0,"bluechip_owner"
892,BkXCyB8Vb229d61rg8AS7BdwDnLdUFx1fQeLkpKm98RG,0,1,0.0000,0.0584,-0.0584,-45833.87,7.06,0,""
893,BV1YJV4BNbCDWLeNJtrqXNELMis7kDyndvwytTrjXCJi,0,1,0.0000,0.0590,-0.0590,-52448.19,36.84,0,""
894,Cg2ipqe5d4JpYBYrgKkWLhhRfZgvT77B7e8eBfyGnygM,0,1,0.0000,0.0594,-0.0594,-110956.02,-4.70,0.000001,""
895,CA38yzQZiLhYtA1HwDBscaCu8yLYmiVdAgEAqyfwDq4d,2,3,0.2153,0.2756,-0.0603,-134265.75,-20.76,0,"gmgn"
896,tR9QXDVRMK4toCMU41h8hooDeFSipaaHcADtawJtN2h,0,1,0.0000,0.0606,-0.0606,-96131.97,91.50,0,""
897,FtFwjbqVRq7dB1R6oTD7WW9oYSJubPfT69HGnxhXPWLj,0,8,0.0000,0.0606,-0.0606,-70511.49,-0.00,0,"paper_hands"
898,FWHDC5VQqwpAkbp3j8cYCfardaQP92zn881T3F8VzU7D,0,1,0.0000,0.0609,-0.0609,-131281.83,29.13,0,""
899,5m2CFrtim5JgX41AyAQvV5nUen6deHdcCkGVvtU7PG4w,0,1,0.0000,0.0612,-0.0612,-41527.65,-17.93,0,"fresh_wallet"
900,GF4mzbEX3zWqZnSokDzechgLbpZCJJQDQ4q94GfEnHbj,0,1,0.0000,0.0613,-0.0613,-98042.51,-16.92,0,"gmgn"
901,E45YLW6LV2GdvPu4HgpBMZF4veGmUqbK6hs2W3ykx2s1,1,1,0.9531,1.0145,-0.0613,0.00,322.59,0,"sandwich_bot; axiom; padre; paper_hands; bundler"
902,55HoX9GXaWLLbPvGL5mJjFKW5caBfXR7PdvcYVcfwbRa,4,1,0.4649,0.5263,-0.0614,0.00,5.34,0,""
903,5zMzZ5ibjcJ8bg5rgd712K49t8wyerQmgPoJ1tBLLTwQ,0,4,0.0000,0.0616,-0.0616,-73522.23,0.00,0,"paper_hands"
904,F1LKobFeGUHocdHk3ycK8icdyhD4XsKiAkE4QJz2Lhb2,4,1,0.4622,0.5244,-0.0622,-149312.97,1261.73,0,"bluechip_owner; bundler"
905,CMt9a1RyDeFcN6DA8zQ9ZZgTiambKz4V3MjatH6o7d8n,0,1,0.0000,0.0622,-0.0622,-49279.58,0.00,0,""
906,BeePEd9z2vAnHU2HySebwFnTUGugftHELUTDgfTEBNks,0,1,0.0000,0.0629,-0.0629,-43607.19,1.11,0,""
907,4K3a2ucXiGvuMJMPNneRDyzmNp6i4RdzXJmBdWwGwPEh,0,4,0.0000,0.0631,-0.0631,-104341.89,-0.08,0.00005,"bluechip_owner"
908,FrKHo72TTQE23e7DHJpq39W6F2oKGZgAWcHY8FzcSDc8,0,1,0.0000,0.0634,-0.0634,-131665.00,-109.18,0,"trojan"
909,J7GR6XoJfCPwZumW9xZ1nbWkyaq1oYSQuSVmCdBTx6Nf,2,2,0.9221,0.9858,-0.0637,66667.03,554.54,0,""
910,9PJTGbCwDURnfQjypijkdDvBFo9sa9ZtTpriCXZv2bTp,12,12,0.7891,0.8537,-0.0646,15092.95,7.31,0,"paper_hands"
911,GUQBvk8J9YqXNtK7mE84eCopWEwkmQFkAGrX53UQiSW9,0,1,0.0000,0.0654,-0.0654,-107863.57,-527.32,0,""
912,9Bp8RkRp3sn3ZBGGxzneHsYNrqZms47TdFa4GbYBc98L,0,1,0.0000,0.0669,-0.0669,-77266.75,0.00,0,"paper_hands"
913,7xMnm7KfZEWbJhx2T2Qn4fyWcZVzkYajpTcXGvjHVYjz,0,1,0.0000,0.0670,-0.0670,-132648.67,35.20,0,""
914,EEeeb4BMYKwyTZf3eKC13YjhsTX4A6wn8hf5Q3ATgCWK,0,1,0.0000,0.0671,-0.0671,-91009.71,-4.49,0,""
915,CLXQYxZnTiUHm7sPvZ658H3WQWsmmrAgd9BeznJekW7n,0,2,0.0000,0.0675,-0.0675,-152458.33,-0.05,0,""
916,FHBiXhHtv4ef4VBD21wnJc1XhxMzDd22PDbKMjfZvruV,2,3,0.1978,0.2656,-0.0677,-74376.22,-10.52,0,"gmgn"
917,G9bXEyqHcHmp1hRroRC2J79cQxJxSzBhMphBRqEFUkkX,0,1,0.0000,0.0678,-0.0678,-112011.92,-14.80,0,"trojan"
918,5WvMH4ayuJ2hhEyVjRgooWdu2BPdSVkuHppo1ReFqHqF,1,3,0.0324,0.1009,-0.0685,-52435.42,-0.84,0,""
919,9uoxV1WvgH47UPYQePveSxLk1FzZENW15dk4q5vfsPLj,0,1,0.0000,0.0696,-0.0696,-109156.91,-49.52,0,""
920,3JSviu5w7PrKd26KFSH3incBmddcJrd3ZuoqUjNoq7Bm,0,1,0.0000,0.0700,-0.0700,-54852.91,-391.12,0,""
921,F8fM88y3iPdJEiPkBjC9PfEMQKSRBtXQkB6e4KUu1QK1,0,1,0.0000,0.0710,-0.0710,-92713.62,-23.72,0,""
922,FEDA3oQSVpeh6saL8ZDSJMa1yv1U6A1juNHUSvyn2Hm9,0,1,0.0000,0.0715,-0.0715,-91398.39,0.00,0,"paper_hands"
923,C9xtD6Tig92DhApoWMYRJu3qQgoJq95tANvZkMy3ne5f,0,1,0.0000,0.0717,-0.0717,-49716.31,-24.82,0,""
924,7MFWvzpofq2AbsjLQ7yCUM4xQ6iXHTRQtDiJjmuLzzbU,0,1,0.0000,0.0723,-0.0723,-48651.79,0.00,0,""
925,6c13rKK43fY6E2jCCKoPtJczoBickVb8N8R7dFDQeS1c,0,1,0.0000,0.0732,-0.0732,-149246.20,-10.56,0,""
926,D9m11wDJk9hwUaGWXwXVgurc6txTSmbTsNBFZibZzMvL,0,1,0.0000,0.0743,-0.0743,-150000.90,-28.66,0,""
927,EdTAkMsGALVhEQesHTenDnbCRUTD6e1AmjGUwciT1Zyn,0,1,0.0000,0.0745,-0.0745,-114556.96,-65.78,0,""
928,AB4zY5hDNaicTTeepcbQLTi4CD4j2PExs3Ux9vWyimWw,1,1,0.9901,1.0658,-0.0757,0.00,-86.74,0,"bullx"
929,38Z7QkdP5HqzqWTidrKMXA31VtX65wLv6CNwTN91RwRG,0,1,0.0000,0.0760,-0.0760,-150418.66,-7.82,0,""
930,HgLA2FRkD4UZBzUWhdECBiNQePph3MPJG2QcH4Xrr2cj,0,1,0.0000,0.0765,-0.0765,-68387.11,-21.58,0,""
931,ACz4LkiC7ZfxCxUET9gi8gpERWYx9fCxq2pdD8x71FiH,0,2,0.0000,0.0768,-0.0768,-119079.62,0.00,0,""
932,CatyeC3LgBxub7HcpW2n7cZZZ66CUKdcZ8DzHucHrSiP,5,5,1.8025,1.8814,-0.0789,67378.26,247.47,0,"sandwich_bot; gmgn; bluechip_owner"
933,4KoH8zJkyiwqN7uySncZkbME5ZmAFttSABaF23wWNBDL,2,1,0.0431,0.1226,-0.0795,-73636.27,-15.28,0,""
934,4xvry3FDkezRx9MQCt42MDiXAwFohNzFkPo4PabUDdXD,0,1,0.0000,0.0808,-0.0808,-98633.32,-24.75,0,"axiom"
935,JApBGtbBtsNosE1Z5CiyUkTMhAxATqH1NAuJJenHUceR,12,12,2.5523,2.6354,-0.0830,127025.80,1164.49,0,"bluechip_owner"
936,Fp1bwX2E3A5AThEzNnmMHNTtKuZnt5qQqY7vVJKar7hu,0,1,0.0000,0.0831,-0.0831,-82710.47,9.79,0,""
937,sXgFkWzmZ9XNPme3r8BgHeCnEfn3k6t9AznX54su5LZ,86,108,1.7624,1.8463,-0.0839,-89380.15,-19.98,0,"padre"
938,BrawzCH5Vk112TFhX2D1PRhTvpF5wieoCR7bhC3WdKE5,2,2,2.0092,2.0932,-0.0840,0.00,15.41,0,"paper_hands"
939,ApEGPAYGo3A3YApu1fqFCDnJvE3o8UjorQj2Y4HC57Pc,0,1,0.0000,0.0843,-0.0843,-68261.84,-45.60,0,""
940,8RMANQ6KaD7QBNQTYjMpowDovnKbQJuzERjmsBk9trwC,1,1,0.0914,0.1770,-0.0856,-157130.52,474.29,0,""
941,CHjngeS7CWm3aSp35J21ZGZuiAN4sqRBKJbYyZcoehjC,5,5,0.9205,1.0068,-0.0863,2168.97,168.67,0,"sandwich_bot"
942,BFobdhAbdBteBuDvHUdBthsQqJyMuWnG9SGUheW1Ni2C,0,1,0.0000,0.0866,-0.0866,-78664.90,-37.57,0,""
943,9TqTKuPEHBU4v74iTgq7Vt8Txy1M1J5UGaYNHAXnnaRL,2,3,0.5376,0.6243,-0.0867,-212674.87,-63.81,0,""
944,9sjJE5NafFfH8GpN7tQkDdP3hP94Ukqj7DedJLhgB3Q5,0,1,0.0000,0.0876,-0.0876,-172843.93,-614.88,0.000001,""
945,t1NjVLtQ6fqLuZaK2RsQKQgvwRV2b6kxSfCDbvyR8PN,0,1,0.0000,0.0889,-0.0889,-201544.24,-125.45,0,"fresh_wallet"
946,Hjy7DtYC9c7W8xYCAMbLCPCpPxcjd3ox7uU9Z7wnB5Sx,0,1,0.0000,0.0891,-0.0891,-159227.62,-35.67,0,"trojan"
947,2QfBNK2WDwSLoUQRb1zAnp3KM12N9hQ8q6ApwUMnWW2T,139,139,6.6431,6.7331,-0.0900,217327.15,696.62,20370.721883,"sandwich_bot; bluechip_owner"
948,7yxnKL8uNhuncraag3Rnt1YyiJD8JbTyXdxq82pfu5o4,0,1,0.0000,0.0901,-0.0901,-81358.21,-20.39,0,""
949,7MiYrdELWYr5vuVpV9NcxVMZ3yvUpKAFj4mDgEvcx6KQ,0,1,0.0000,0.0909,-0.0909,-174534.56,-16.72,0,""
950,D9o4X1eau2syk7yqWmbVT7rZobUiSpxP1FHyHtHh1aCu,1,1,0.2309,0.3235,-0.0926,0.00,8.00,0,""
951,9RXuG4YZoS2vZG3iFFryUREcVZBFYWUMaHVNQSXP1eMr,0,1,0.0000,0.0931,-0.0931,-141423.91,-33.81,0,""
952,3BbGWrvzYkhoQjnWQFRYAtzsLV5q9iVxGw31FJGUDwh8,0,1,0.0000,0.0934,-0.0934,-174792.73,0.00,0,"paper_hands"
953,EiSEokSBEa9iHSN3gEUKbyCriKMkzqUfr5nLazkkHZki,5,6,2.8139,2.9076,-0.0938,-278616.54,-363.57,0,"paper_hands"
954,CskAmpNFACaFELbVHdgezJu1uda2ivLvH2xFoiKdmPCS,2,2,1.0990,1.1929,-0.0938,0.00,48.77,0,"smart_degen; paper_hands"
955,GS9jnfifEkJptAYb4KqMMC9Md9TRApRBseLZMuw2JYHj,3,2,0.1764,0.2716,-0.0952,-160888.25,-6.73,0,""
956,2tYcXQCfTtQg5dKLEpQn26DjrfhTXhGB8Rh1oiv69DJc,4,4,1.7263,1.8219,-0.0956,0.00,1.11,0,"paper_hands"
957,CkhMsWdcNHfgVYzyx1KAmeR6aENbz5TYpVpvkxagSE1N,4,3,0.1565,0.2526,-0.0962,-198181.24,-4.91,0,""
958,12BLKXs2JUSzMTq3r5JFor4FBiG4bA3kFpW5LpvMkweT,108,108,5.9759,6.0731,-0.0972,152460.07,210.70,0,""
959,HG36V1z9NijJUcQjTQofyom1FngyLHaVpTji1atJzJ69,1,1,0.9901,1.0875,-0.0973,0.00,6.24,0,"padre"
960,DauBFcsGKsyAZRziTBubiYb1aaXDZUfzL6GiTM7XdSNv,0,1,0.0000,0.0989,-0.0989,-212083.07,-55.74,0,""
961,8L2y55D11k63CAftvW7uMM2mBhtMxLoLnivG9uY2bt8j,147,150,7.7543,7.8542,-0.0999,170123.43,358.08,171.881127,"sandwich_bot; bluechip_owner"
962,5d8tDay1ZDV4XVUBtTvFvQiLxDe8dz2ZCdsrkmTDcbm5,15,15,3.1872,3.2871,-0.0999,116874.41,1625.94,0,"bluechip_owner"
963,2Bh6oScQh5QMrdUytTrJ6w871zgqHgycvyBUGYo8snwd,1,1,0.0297,0.1303,-0.1006,-138853.67,-5.86,0,"padre"
964,38d5vvoGn9TaoVdAZqe91kwt8ucxGyaXtMou5vuKBz8G,2,2,0.6862,0.7869,-0.1007,0.00,98.46,1394540.673684,"axiom; bundler"
965,3YN1E3wqypmmTMFny7WhnNbaskSzHwcbn7EhUXYAqx8Y,1,1,1.0017,1.1033,-0.1016,0.00,8.65,0,"gmgn"
966,toYbzmeiBWUJonZgopMYR9bz6CyrS4Q5esDiuUyKys5,0,1,0.0000,0.1021,-0.1021,-168254.77,-58.44,0,""
967,8BDT8Jebp6Roda8QsALo7FQiZA5xq26HwS568qsrLFPQ,0,1,0.0000,0.1022,-0.1022,-226459.34,-1628.66,0,""
968,4CsTK6Cnzn7JZ8vMPwLuFq7pHAtqvqZ3ouJ88UBZLpPU,0,1,0.0000,0.1029,-0.1029,-74059.94,71.88,0,""
969,DwQYcGhXhKG9NTFVoFD7ZMC6Kzy8g4f5BAQw1qyAVFjW,0,1,0.0000,0.1060,-0.1060,-157701.82,-6.90,0,""
970,HFX2dqzyQeRAdkjp41D4qThfsPPSyBDkVoruBr93zhY9,0,1,0.0000,0.1069,-0.1069,-195735.31,-4.09,0,""
971,J34QofgyfJxPKmbRwppFcYxZEzBx88QRtZp77ZwWJcEH,1,1,0.0204,0.1283,-0.1079,-149563.71,-350.82,0,""
972,MRiYA4oN3158fCV8evhuCofrDzbHyYvYnGZUDJvoCsa,15,15,2.6856,2.7938,-0.1082,69057.55,1476.94,0,""
973,WA7FRg1GNonpgQG9AtBVtnTkBTQde2VnwRi3zySvv6o,3,2,1.7374,1.8456,-0.1082,-1936598.67,-678.20,0,""
974,DZhCLZba5FfRdT8dGr5XinWiwpDvuqNChmP3JAsGkbtK,0,1,0.0000,0.1101,-0.1101,-88304.21,-0.68,0,"bundler"
975,9fzFTNLdjmhAYSP8KZ6vopUmcNZedyZQeHM9evMgwwa2,0,1,0.0000,0.1101,-0.1101,-99903.54,0.00,0,""
976,2NFjGw2hZuatezdJytFsCQso5LXmrvKNXpr1RqJpn7ZM,1,2,0.1256,0.2361,-0.1106,-100799.57,3.47,0,"bundler"
977,6mECkabVVJeBgJx7cLETTHmPkFLokkpKBmtXUrUxM1zi,3,1,1.9785,2.0896,-0.1111,0.00,2.49,0,"gmgn"
978,8t1vJQP9RRC5c4jve7ie3dCMVwGu9HV8sVvhCbooUX3x,0,1,0.0000,0.1113,-0.1113,-228288.99,-29.66,0,""
979,DUURaNCwo38dKhHqK2SB3LmNYH1WBjdYk5DS2yx5azA,0,1,0.0000,0.1114,-0.1114,-147666.35,-52.18,0,""
980,8RbbGg7iPgp7tcHJADjm6AoN4aWjp3XrL8vu1WSvDANL,0,1,0.0000,0.1116,-0.1116,-183309.40,-19.35,0,""
981,Fw7uPmKDbvigT6bk6zrt3C3GMvMG9G2i1ntRkgCXwCaw,0,1,0.0000,0.1117,-0.1117,-245266.85,-36.39,0,""
982,3bsmznq4dpMyfXRvcYUKW3HcTj1U4WAFsHFLQgSenQjp,0,1,0.0000,0.1132,-0.1132,-104583.92,-0.72,0,""
983,3qTPnWxbxKV73XeFuxKQyaDTbJw8XkiYNvQEemjQcUFu,1,2,0.1134,0.2274,-0.1140,-106858.72,13.52,0,""
984,12aNTj79EnzWHfPjT2Pq8kmMdGNAhPegNNTNSW6ojPB1,0,1,0.0000,0.1145,-0.1145,-256931.70,-0.76,0,"gmgn"
985,K7THqUATHsPRgXCs6Dnrh2x6HE8XatWdXDvX8MTsErH,0,2,0.0000,0.1146,-0.1146,-156534.24,-21.47,0,""
986,HCVHp29FQLtnAkQhswzh86FedmH2B28L57W4bDvdryNT,0,1,0.0000,0.1147,-0.1147,-95427.39,-292.40,0,""
987,AQcHw393S7Kdk376dpMc3xwdDfByy5VYFQbQvau63g7r,0,1,0.0000,0.1147,-0.1147,-167046.32,15.59,0,""
988,5xpVQdwx4CzEsdw8u7E8LLBFW4BURX9Hf5atYP3UW63y,0,1,0.0000,0.1149,-0.1149,-186633.39,15.15,0,""
989,M2zB4QGAJiztW5Fr2ZhfvHxnE8GMbrJVTxaY8YsM8rn,0,1,0.0000,0.1161,-0.1161,-204584.29,57.64,0,"bundler"
990,CQwT1byuHgjKnL6vzmuNaAywKfDBVxDmFVgsQDBWxcWt,4,4,3.6747,3.7912,-0.1164,119103.63,219.17,0,"sandwich_bot"
991,Sirius6CrwpvKKokCejugLfjyUcqVPZawScz6DqxWjA,9,5,1.2943,1.4107,-0.1165,-94967.37,86.14,0,"bundler; paper_hands"
992,Bz2L84fqbhB2gFCtbLvote53rgUxfoHwPguyJQfp3BLL,0,1,0.0000,0.1183,-0.1183,-158640.00,159.08,0,"fresh_wallet; bundler"
993,3zfjrveviJJdQCdA1faxVyAHRFud7bsiHYzzwLvzSC78,0,1,0.0000,0.1196,-0.1196,-158420.42,0.00,0,"paper_hands"
994,21Fx1CDL9L1bqGxJQEw7FcQGwUm4uP1eNoRH8Qk6zsMZ,0,1,0.0000,0.1199,-0.1199,-155577.97,209.04,0,"axiom"
995,4NqRs6zg6Y6KX8p6KAtzhACRf89MSe5Nfb4Xr8PWoykn,1,1,0.2451,0.3654,-0.1203,-300979.85,5.22,0,"axiom"
996,7KCUfgSDnRzfNW41253RxFHWP9UFP77zoEDayNJz5PNG,0,1,0.0000,0.1204,-0.1204,-196556.34,-9.49,0,""
997,5QztLwt1827zXdMC3FEzkWyApAi4j7UNhu5zzVTPyjpY,0,1,0.0000,0.1205,-0.1205,-220649.93,-378.95,0,""
998,9C7Vd9Xnffacoo9Sp7coGQRk9iUFRN2t5pNsKh6SXGau,0,1,0.0000,0.1246,-0.1246,-110911.89,-7.01,0,"fresh_wallet"
999,DS2M1rSkZyrDFbjdyCAvjJB5ebekbGE8RjLSHLg7uD5M,2,1,0.8849,1.0115,-0.1267,0.00,10.37,0,""
1000,EtLMe4Zw4Ka7hv3qdubUuhYkJpohJmdwZGCnQ2wMCsp2,1,2,0.2004,0.3279,-0.1275,-85952.00,-4.11,0,"trojan; paper_hands"
1001,4w8kvukFT8MvDYhVmfWh8gFWRAz7DWiFnKyXKxEcv9GR,0,1,0.0000,0.1281,-0.1281,-185036.86,-176.94,0,"padre"
1002,BTc4pYczJPg1NugecRgtewc27nKT7AywRGR8wGyUXt5N,1,1,0.0324,0.1618,-0.1294,-94122.15,-1.65,0,""
1003,EFpujXKib2iqKQtt5XLWTrUtappwCQMb2T8uo8v2QQsc,2,2,0.9891,1.1245,-0.1354,153330.46,-47.96,0,""
1004,J2gDQEPSKxSUcYK5hQGxCjZoBhNttNgyo7NRuEstYHPA,0,1,0.0000,0.1355,-0.1355,-261015.19,-92.17,0,""
1005,7UXHc9VF8GpW7PRgE8cWaHbaEukVpqo7oZTH9B1JsfZx,0,1,0.0000,0.1395,-0.1395,-95262.00,118.92,0,""
1006,Dmo6u1ZvadKMX9BQT29Ex15fsxQLZcijFQQBgMwHfLPH,0,1,0.0000,0.1415,-0.1415,-204329.76,-18.23,0,"trojan"
1007,3HmzCMEPbU67mQNe2dm4iQskgNES7uf1B4fiibiKJrL8,0,1,0.0000,0.1440,-0.1440,-291130.87,-68.43,0,""
1008,5RxUrUoMwQQ3aR2n5cJbYCRraUeMeL7gGoTGCFP5eEpf,0,1,0.0000,0.1447,-0.1447,-300572.81,-37.11,0,""
1009,9LbRAnQntUgFuuPf2TCGeUv24dgVrc2hnY2o7oociU1q,0,1,0.0000,0.1448,-0.1448,-294167.28,-78.58,0,"trojan"
1010,4WSmtakHuUCVap774FgoQ3K3mbuo6pM7kE8hwWkpWbYk,1,2,0.1734,0.3184,-0.1450,-143067.28,71.18,0,""
1011,56UWx5fDHnco6MRsXWu45VxY1SpCRHriENMFeMiRpFrY,1,1,0.0455,0.1911,-0.1456,-348222.87,-4.53,0,""
1012,8cD8C2N4TxbJRooMwMCCG6gB3BdcsmDXHPBLvFgfBNBP,0,1,0.0000,0.1457,-0.1457,-280534.50,-194.00,0,""
1013,55ybSnBipjCsGotfJAGcBuRQqhZGcpQUiXcLP5YbYA5f,11,1,1.7214,1.8678,-0.1464,0.00,12.59,0,"paper_hands"
1014,EFNLzewhyDdX6T2NNaR6LLQeBT2mP9g5SsCpDm9pkD8e,0,1,0.0000,0.1485,-0.1485,-120741.03,-2.92,0,"paper_hands"
1015,HNPLV1vLGQeCS6wtoLCwCKQXWbfV1yCesXnNyfhiVeJN,0,1,0.0000,0.1490,-0.1490,-216637.12,295.93,0,"axiom"
1016,E1wTdZWj1eX9gGrX1DoMWib64v5vnwA4XJMuSWqEGWuD,0,1,0.0000,0.1502,-0.1502,-292380.10,-80.06,0,"fresh_wallet"
1017,73neJWg5mxv6KwqY9ySzhGYZeB56KFQa13YgmbiNWXev,0,1,0.0000,0.1511,-0.1511,-167009.56,-26.12,0,""
1018,3S4cY6TfVD3ZqSUyCWPbEju8v37njLMn1KebZqRuM7Jq,0,1,0.0000,0.1512,-0.1512,-145579.34,7.17,0,"gmgn"
1019,EyxK4jRxFkt7NPPrEJgC2GJ3JsvVh2a7PiYEmuQ37sXN,0,1,0.0000,0.1552,-0.1552,-305391.20,-89.06,0,""
1020,JBVpuKD4cEVUjZ7conFwKZKzdpY92C1hzwCHYr99L54z,82,82,5.8538,6.0091,-0.1553,135300.94,796.23,0,"sandwich_bot; bluechip_owner"
1021,2heabgWobxiYtvvg7WkSSMvwLjpBixxXvspQyXfCmKkc,1,1,1.7846,1.9404,-0.1558,0.00,256.68,0,"paper_hands; bundler"
1022,DLdCMK2sxA7J7kUbrAkV8RPYnfsyinTaYjscYvYikonu,0,1,0.0000,0.1574,-0.1574,-133022.82,-0.02,0.00003,""
1023,DaD8wTQXk7Hs4SnWN8ZnvwyNTkgCFDHRK2ZJtGvWTrLz,2,1,0.1618,0.3210,-0.1592,-265552.38,-391.28,0,""
1024,GhBPW23R66oU6o6uzFrAh2nPz7CF4gxG19FXQTYSLzA2,0,1,0.0000,0.1613,-0.1613,-238275.98,-6.41,0,""
1025,GDAtwgeoSik1aAnqPSehe8mgL4fZRhQmYfyxGw5tZ7tX,5,2,1.6457,1.8073,-0.1616,-521367.89,-972.94,0,""
1026,Ax9nVyumFhA2v98ApKiLbD7TzuaDyiuNG18zm2RStndV,0,2,0.0000,0.1625,-0.1625,-238988.51,-64.62,0,"bundler"
1027,4p6xne4qP7crWD2ciHybXLo8gh7EJ5MFPL991jy1Appe,0,2,0.0000,0.1627,-0.1627,-239600.01,-64.29,0,"gmgn; bundler"
1028,HxjwdF326ZunmUwC1iXhfgL3ku78YsksN6n7Rfxzwr6b,3,3,1.7617,1.9245,-0.1628,0.00,135.52,3384.709019,"sandwich_bot; bundler"
1029,GY6LVAR41ZX7tfFAbc9ZtsFizuebp12g2f7PJC9rzUZn,1,2,0.6895,0.8529,-0.1633,-679596.89,-271.96,0,""
1030,AyDVufqCSfMtQpGTHZMvCt36Ws9GvyRr3eKw2ftGyttq,0,1,0.0000,0.1657,-0.1657,-219785.33,-27.93,0,"gmgn"
1031,Fgej4SPuW282TdrQRfizRHAeRasNqCtAWZizL3jDqMdS,3,6,0.6691,0.8355,-0.1663,-403477.50,-2343.83,0,"bluechip_owner; bundler"
1032,8HBKBxWcerwCR4LoorCk3bzGLMZaF9f59X7Ua2tZw9M3,0,1,0.0000,0.1666,-0.1666,-143721.32,-356.36,0,""
1033,54xoeTAkQGns2J4kBrHNYKYhzDKFjbFyWuSNf4LZJoRV,5,6,0.9323,1.0989,-0.1666,-217001.21,-31.31,1895142.641341,"paper_hands; diamond_hands"
1034,H9YRFqBfKcmrp8KVp8Tc8vRUcmhnwQf5TVz1QdcVWBpM,0,1,0.0000,0.1674,-0.1674,-243112.53,-298.22,0,""
1035,EEc8EZqMpj5zzwprwGPcWohnpzMNZNyfRJrKLxj99TH9,0,1,0.0000,0.1722,-0.1722,-250000.00,249.39,0,""
1036,B5n9BeMDAhMoJWKiirkkeQ2t6xSkaKyQ8gviinpYLaP2,0,1,0.0000,0.1730,-0.1730,-133167.01,0.00,0,""
1037,7mxkzeNyNq1mPYFQPeNMRgpL3R4aABPiL9KLM3oXcSNT,2,5,1.2674,1.4406,-0.1732,2466.32,661.81,0,"bluechip_owner; paper_hands"
1038,9yrEtvt8go5rRUhUGXWRzvBhJmEGunPf9JBXJNMWW9tx,2,2,0.1115,0.2869,-0.1754,-300359.35,7.35,0,"paper_hands"
1039,4o7UY53tBeHyP3P1VUJg1uk6rotvKRf7qfmySKAtGrEq,0,1,0.0000,0.1756,-0.1756,-378135.30,-46.19,0,""
1040,BGzLYcFcUZkW5GPZZAYK4Jxyf1W7aigyHQbvmKsQeeuq,3,3,3.3044,3.4805,-0.1761,0.00,60.79,0,"bundler; paper_hands"
1041,GbvNKENtqBcznp1PS9xgqj1jbyjSCsYeorR9QdTcC7v8,0,1,0.0000,0.1778,-0.1778,-235510.68,0.00,0,""
1042,9i8LGe9qaxCt54BACJyeQgimJoyiD4Ujxx4dQXyHTAcy,4,1,4.5504,4.7293,-0.1789,0.00,4.54,0,"gmgn"
1043,DhwgkirKB81jKQcycXRZb1vvW3AmXMNiZEMAdJjDwcnt,11,2,3.8058,3.9855,-0.1797,1484810.98,-100.43,0,""
1044,HDnAozESdWwAxKvEAkogC9a7Y5xHL9xpg3GUenoyPk4Y,9,9,9.1142,9.2944,-0.1802,-1149221.70,-16.28,0,"top_holder"
1045,6tu4MM1x7VjtHFjyuQrNhX6xzPbGz76sc1PZzF1UGyGg,0,1,0.0000,0.1894,-0.1894,-206310.78,67.38,45519.918212,"axiom"
1046,AVBKhhJJgVr8AHHBYccp4VTsrNFTdnsZXkdc8pMde15T,0,1,0.0000,0.1894,-0.1894,-223215.05,0.00,0,""
1047,HL4HUBvQCUga6zQdQxyXJTZqFYUK7QUbfhLR9HErZNVm,0,1,0.0000,0.1897,-0.1897,-435812.21,42.73,0,""
1048,EkZUuxHsi5HEL72AVVaK3XnpgFjTYD1xpv4Db9tEnd7p,0,1,0.0000,0.1909,-0.1909,-314428.43,-16.84,0,""
1049,3dfdsU4SMbDhfukKbojKk1mrS27yShvoa6WZoXbYxtQt,0,2,0.0000,0.1909,-0.1909,-406584.48,-54.68,0,"trojan"
1050,GajPm4jsEqiVX1HaA1bVYhAq8MYdyrB1WpM1cKdzk12v,0,1,0.0000,0.1945,-0.1945,-315829.17,-149.72,0,"gmgn"
1051,Dmf2vxVYLTuB5YnkSy1i5EX7Cb9yN4XPhnKGkEtAfcA8,1,1,0.8304,1.0259,-0.1955,-542537.61,-9.37,0,""
1052,9QzkZ2v4irecvypQpvJgK4SonWK1HedRHb9hqLNxT4Q5,0,2,0.0000,0.1956,-0.1956,-180129.71,113.64,0,""
1053,EcLgvJFLmN76cG6kvgB6HSdphQYWiey2yP2JJvbwgPop,0,1,0.0000,0.1989,-0.1989,-183117.37,-931.67,0,""
1054,gtagyESa99t49VmUqnnfsuowYnigSNKuYXdXWyXWNdd,16,16,5.1849,5.3847,-0.1998,159364.42,741.89,0,"sandwich_bot; bluechip_owner"
1055,8Z6S71AtrWNAEHRK86SD9ArvRNVdnJRvqz3fBbnsF5Yr,0,1,0.0000,0.2060,-0.2060,-138973.29,-78.99,0,""
1056,7cCtzuGjuuT3oscFiRzAASN9htSwbxurDaRn3BNyb1yM,0,1,0.0000,0.2092,-0.2092,-278220.54,-50.57,0,""
1057,BEcU74sJ6uuoBRLMHj26hpfYg1D64FDdFGu6NkFFvmmm,1,5,0.4017,0.6126,-0.2109,-307382.55,-70.32,0,"diamond_hands"
1058,HmvB1R5BMyUxuqcyU14YcPXFGj1nS9GFK7Y1m3fC4ygv,1,1,2.5115,2.7266,-0.2151,187008.74,138.26,0,""
1059,J7y73q6roZHXficTEt9QisSwJ9K7ymoTGeRDbhcDUWRJ,1,1,0.0303,0.2482,-0.2180,-333530.74,0.92,0,""
1060,5rYY1WFrNTQpfpxpGfrTxQyk8m9QC7JpLvWCdxazEGTP,0,1,0.0000,0.2180,-0.2180,-365877.43,-61.50,0,""
1061,DMVPPzGZkSH2cN9YT5pUCu2XPouzhTypnBeLJeEutnGd,1,2,0.0512,0.2736,-0.2224,-299345.91,8.98,0,"paper_hands"
1062,6zBiyXYqTnihKW9fds7xAmSscU2MQk7Qpm9QnuceJZKt,0,1,0.0000,0.2235,-0.2235,-570857.06,62.22,0,""
1063,4TGbTagJQGZoEnaLLgEPUgnm4ZCQ3opoBj6JZN4qNkCJ,0,1,0.0000,0.2265,-0.2265,-157760.72,0.00,0,""
1064,4gEahZ7TDyX7SPUQJyoSENWfPugXnQohXDgvpDo7wYuT,3,2,0.3196,0.5482,-0.2286,-371687.82,16.08,0,""
1065,9qeXfzgL5mDeM6j8nPEd1bXsowtsAABrsXZFWKQZ7L7k,0,1,0.0000,0.2304,-0.2304,-156684.52,11.32,0,""
1066,CmzYE5WdtyHJnBQZthbfrQ6pnqi7UxGyHYrGT3r6NWYj,1,1,0.1399,0.3717,-0.2318,-299414.41,21.39,0,"fresh_wallet"
1067,GPdyedHzSizjmgyAQZrnK6dBLpQQqeNKvbArNjXur5Xr,0,1,0.0000,0.2320,-0.2320,-369787.62,-92.88,0,""
1068,7xUE8QJZ7J9kfhmtsU9Gyzuii7VLMQprUoMnPA1WbeT9,0,1,0.0000,0.2320,-0.2320,-199444.87,27.23,0,"axiom; bundler"
1069,3Mvnz5L2b7imLb6AMmECArLGYMG6PQQ7AwGTPocChusB,0,1,0.0000,0.2331,-0.2331,-310769.61,-1533.49,0,""
1070,CSveUnHvonkoAoHi5qXe3yVk9YQYBhNX3pU2Xt6vwA2e,1,1,0.6009,0.8378,-0.2370,-811543.80,-576.66,0,"fresh_wallet"
1071,BygEKMT9rNV6i2taKn1nZNmXCWTC7b1akxoRgTWi7fJQ,1,1,0.1978,0.4364,-0.2385,-446229.76,4.52,0,""
1072,ApWDCf8h8mZoJ35Z5wy5owo3m3gsUjsJGwrLoKbirsVN,0,1,0.0000,0.2386,-0.2386,-305229.81,-227.42,0,""
1073,3EnNn49T6LfpvT9Pikfd637LZdJb9N2QX3djdGa84QTx,2,1,0.1980,0.4368,-0.2388,-596672.03,-78.83,0,""
1074,D4sue12BxfCCywa2hKZiNUEAQtqxzhkrozYri63MmUZ6,1,2,0.0495,0.2914,-0.2418,-407871.91,-24.22,0,"padre"
1075,Gc9N6a18Zn2kCLcCeUkNSQespaJAaGoG26qJY828rpkX,0,1,0.0000,0.2437,-0.2437,-166956.92,-22.48,0,"axiom"
1076,2mr8xqnF7fsLgvDE3RqKeWVxzPFCyEsnMF5rukfRW6qC,0,1,0.0000,0.2465,-0.2465,-353075.46,-556.65,0,""
1077,AijzoQexW5Lc9qiCWqu1vExtwiYnCfRiqwmJZRXK2T4B,2,4,0.0369,0.2899,-0.2530,-450209.53,128.80,1002081.074044,""
1078,JD6rVaerbyz6wjQ433nrw6bFTgFrp46MiYmi8EtUAfsG,476,476,19.9042,20.1667,-0.2625,353765.20,549.87,22640.617102,"sandwich_bot; bluechip_owner"
1079,8T7umLEKX2v5foAWvB635VV1emEjYXNfvJ8W3VMeGG9W,0,1,0.0000,0.2626,-0.2626,-260778.63,0.00,0,""
1080,HhBcuJrg6G1sZTRVLP1ZAPSz2xF2fzLsb8zi9cX2Pt2,4,1,0.9371,1.2000,-0.2629,-273143.99,8.33,0,"fresh_wallet"
1081,82tpQ8R2qDp7qiNcyVmAdMFvuhTPoApJZSiom1PTmEBM,0,1,0.0000,0.2640,-0.2640,-558846.54,-398.91,0,""
1082,8rUmSYsL69VXBnCB6ed2GJ2tH2bCtqw5zsBHUqkez2uw,0,1,0.0000,0.2703,-0.2703,-336113.45,-1259.34,0,""
1083,54KCBsFawxZ5rLZSSUcEhgWjhPY9QvudZ29BDtWBFntk,0,1,0.0000,0.2736,-0.2736,-607063.10,0.00,0,""
1084,5KyJZ1t5ZXHT2PmkrRRV8vzfxHBokfDbkigwL1RZFF5X,0,1,0.0000,0.2750,-0.2750,-400054.17,-60.22,0,"axiom"
1085,5GWSHm3CDmt6QGH1qv9jRhjZZ8aJqXGsyekcuzgTfKcF,0,1,0.0000,0.2753,-0.2753,-302703.29,-27.47,0,"fresh_wallet"
1086,3tKopzafRUGDWFQJRoNyD5ibJmTcm3x4ZUHfPHJkMNdH,17,1,0.0167,0.2927,-0.2761,-406982.55,13.57,0,"axiom"
1087,5jLrwo8HPxM4hULBnehrvZBpKfBHs4dthRPwsts5CH9a,0,1,0.0000,0.2792,-0.2792,-213459.26,20.34,0,"axiom"
1088,CKhELde8PAoewGRaUxDUTcvdQjd25x1GywVCssDHWTtN,0,1,0.0000,0.2819,-0.2819,-314526.83,-18.44,0,""
1089,2NnbFMa7wK1qG5iPb5cfVidCg74WXFPqknmgd4D5xffJ,0,1,0.0000,0.2837,-0.2837,-641144.98,-951.29,0,""
1090,J6ExxvTDRaMe6Yh2YMKFbeYxJM2dWSgaBMU85rxcyiTm,0,1,0.0000,0.2892,-0.2892,-267859.99,-150.58,0,"trojan"
1091,G2aZ6e8QNnMmgCz3nmC1591dYYdPMcUBcYdwjQ12VM5W,2,1,1.3282,1.6190,-0.2908,3753.05,25.80,0,"trojan; gmgn; axiom"
1092,D2oYJTcRiXeH4TsAWqLkKAvMZvBU6LCHMoLuMNeJB2CR,0,1,0.0000,0.2922,-0.2922,-223518.46,295.53,0,""
1093,DmcSumpjG4G6MiH9AikWnfrJfEoC2jmxqeZHu6wHeEtn,0,1,0.0000,0.2952,-0.2952,-696918.53,-42.15,0,"fresh_wallet"
1094,U1AWHasTSC4BhQYv9bEDabxDg5Rrvcht6ripf4ugnZu,0,1,0.0000,0.2959,-0.2959,-291112.39,-29.71,0,""
1095,9XoGtK6zELmiojc6TtMtxStws9hnwJWu5Mjuv2FiJmQX,0,1,0.0000,0.2975,-0.2975,-222231.44,-306.47,0,""
1096,5TRNcd1rDbFHwbT8KAp4c46cFUaKE64EyvV2jkK88rMR,0,1,0.0000,0.2977,-0.2977,-608236.04,-140.14,0,""
1097,FG6Fb43xyj2cYJQKz36FHpSyL6dz8bkX6encEMYH63cb,0,1,0.0000,0.3022,-0.3022,-205042.91,-58.28,0,""
1098,71zzqkRJU9rEKgssRzocQM6rBiMwEJFAbq2idF5E1CCC,0,1,0.0000,0.3150,-0.3150,-213303.63,-56.09,0,""
1099,GgoFKM4k4T6FutjX266xhuwJSeGKn1KkrFYqV6SDQ4zB,0,1,0.0000,0.3162,-0.3162,-555452.67,218.02,0,"trojan"
1100,6ZzaGBPMdre9L2GWnWhNH6ytjGUohzwduiBdG2PL9uyX,2,1,0.1983,0.5226,-0.3244,-450771.24,980.95,0,""
1101,BDV82uazTmgziqyQDb3QgHu32fDLu3e4WvGEPNUuPSjE,1,2,3.4306,3.7559,-0.3253,-3047554.62,1817.82,0,"diamond_hands"
1102,7cFnR5ZkCoeCr7iKoE3XXSnsbViytXNRPTpr9RvrV8TQ,0,1,0.0000,0.3260,-0.3260,-394965.90,-56.24,0,""
1103,J74Y7Cm7ndsntKmEKALz5WrAaTXL8GVfXv8RFSf8htnW,3,10,0.1877,0.5172,-0.3295,-500117.84,53.76,0,"paper_hands"
1104,ASf6WtTfcXGgmN55moSdgq1nTXyEujJkH6aQiXw9doeT,0,1,0.0000,0.3483,-0.3483,-817246.78,-54.47,0,""
1105,A4SsM9soi3B7jdnMyYzUPebZkCSHM8a3XWjncu7Y4t2G,0,1,0.0000,0.3495,-0.3495,-560831.44,-138.17,0,""
1106,EV1DzUAJoRyDRfR4anmqtKDQ5qHSLFkMsjuZZHKDhJ3b,1,1,0.2531,0.6046,-0.3515,-581020.29,-744.31,0,""
1107,6QyBAjTdRzLPNWeaqgzdkLCDmgc61pVXSwUqhbRB3Yzi,0,5,0.0000,0.3538,-0.3538,-253821.10,-19.72,0,""
1108,HsN34MCZARYdmthaxpjbuy5qL6ChwyzSHQAhF4ti5GCe,0,1,0.0000,0.3538,-0.3538,-824955.32,-53.94,0,""
1109,9dW7y6yWSHuk2HCS2keR14h2NyhKPKnz5CTMC9SMdX45,3,2,1.0486,1.4025,-0.3539,-975855.78,-12.58,0,"paper_hands"
1110,7bGiZTnWdXpXCFxeyWMXrSupcf5df5fyoayVpV32mriM,0,1,0.0000,0.3556,-0.3556,-478863.37,-345.33,0,""
1111,2Ww3xnnpB9t3m8UTWkGU15RnjUML2R8ak3hLpeC49DhL,0,1,0.0000,0.3587,-0.3587,-828509.65,-53.31,0,""
1112,Ar2Y6o1QmrRAskjii1cRfijeKugHH13ycxW5cd7rro1x,3,3,7.2610,7.6210,-0.3600,0.00,958.73,0,"bundler; paper_hands"
1113,HYDkdn659rbz6Fu88dsNiLqn6sMyZvhhgGTfw917TXYN,0,1,0.0000,0.3633,-0.3633,-306057.29,9.96,0,"gmgn"
1114,EfWNSYtKWpiXYQhLSZXsCktN5iviBnxMcN24B7fByA9f,0,1,0.0000,0.3670,-0.3670,-826142.23,-52.89,0,"fresh_wallet"
1115,6kJtKxep4MURf2hNQDZRgVEDGfn9NpAFFPHM4s4QbVyL,0,1,0.0000,0.3703,-0.3703,-561738.81,-155.04,0,""
1116,FNeWqwRxZGFbBy9ArGhD3pt4ypGbCCdfFNwuaNtxDgNA,1,1,0.3693,0.7423,-0.3730,-493107.57,-4620.13,0,"diamond_hands"
1117,8kBS1bdSP5Y1nWUHeQmbu3qAGX9ezpsEACeodat3ktrr,2,2,2.1783,2.5513,-0.3730,-385098.41,72.64,0,""
1118,5WW8iJt31wLTNGdTbHB87qKKJGSQUzCSmYUh9SrRyCzA,0,1,0.0000,0.3740,-0.3740,-569995.11,0.00,0,""
1119,HbVFYtAFoXNDTHurSQ9Z4eXpVsfV6RT3fUccchZSpcPi,0,1,0.0000,0.3770,-0.3770,-502815.47,-139.09,0,"padre"
1120,Eg8DmxN1gxuGqNemt8qw2xPEanXtBhPxZE7KkY9NPLuo,0,1,0.0000,0.3839,-0.3839,-845476.01,-51.93,0,"axiom"
1121,9bh68CX7yQ4bKBZdYqkWxS5WPzAMCyA7bJaFFddwbMZd,3,3,1.8996,2.2856,-0.3860,0.00,56.09,0,"smart_degen"
1122,Btb4ZBQY1q2EKCYwDHj6RYs9T7tY76R51qsoC3BaKswd,0,4,0.0000,0.3866,-0.3866,-730124.18,-116.65,0,""
1123,CjrPzFFUg1H2JQKqyRJT8caiF9vRrddYCrjBf4NmMzzL,0,1,0.0000,0.3938,-0.3938,-300032.42,0.00,1.419333,""
1124,J2n8Fy3Cn8F6NF9N52ALCyrMYGR6B4RYhdr6YZQNw5fR,0,1,0.0000,0.3958,-0.3958,-398947.25,194.19,0,""
1125,8psNvWTrdNTiVRNzAgsou9kETXNJm2SXZyaKuJraVRtf,0,3,0.0000,0.3979,-0.3979,-594943.71,0.15,151992.027979,"sandwich_bot; bluechip_owner"
1126,9wKazhsoVbe9KA7TJSfBG4csgxD6yys7mamzmbid32BC,0,1,0.0000,0.3979,-0.3979,-836292.92,-1.58,54606.906036,""
1127,Crffzv9SgLcL77vEqJnLHc3WKDdTpLVZ4cLKB9dXnLu9,0,1,0.0000,0.4005,-0.4005,-354345.48,-84.00,0,""
1128,2sqT5sTVH59mTwzbiiUZtqi4ehqc5Jpan8CfpGfh4VtC,1,2,0.4901,0.8997,-0.4096,-530517.98,-24.86,0,"axiom; diamond_hands"
1129,HRb4jGe92VcnVDSUr1Uduo3QiiLvK4oxtSmx1pGypdKK,4,2,1.3265,1.7383,-0.4118,-656102.44,536.84,0,"paper_hands"
1130,Bsfp5rGC1oH6pLFHgKjDQemrutKRcKPzvD4Fe6nd2iHr,0,1,0.0000,0.4129,-0.4129,-781785.71,1.17,0,"fresh_wallet"
1131,RaVenxw8kykBbW7KGBaBsb7fDkkBYK4uJVDSFun6ZxR,28,28,8.7729,9.1878,-0.4148,136049.84,981.57,0,"sandwich_bot; smart_degen; bundler"
1132,4R85dXN4n4U5yFdDGbk85QTEaRMTBwcsRGZ1Pq5gXUzQ,0,1,0.0000,0.4159,-0.4159,-810779.00,-10.34,0.398258,""
1133,A2HL7A5rGyKHWohL4KnD2U2ZH9G6fzK6fGDAmUC1Xyyd,0,1,0.0000,0.4185,-0.4185,-784780.88,-108.38,0,"bullx"
1134,FUNoLfDTjfhCzsHo4TvRB7gjKDsJhjEziP8xvdPQUak1,1,1,0.1181,0.5455,-0.4275,-717681.11,-192.03,0,""
1135,F4YDGgZHBqhnHLu7udGSxXWszYFrcgTbNBR6Zvyvz66z,4,3,0.5246,0.9554,-0.4308,-1221227.07,-735.13,0,"paper_hands"
1136,7mcZWuqppLZhSHShZp4eK1vsquTKTU4YyrhHEv4xnY2o,0,1,0.0000,0.4321,-0.4321,-796690.40,-9.11,796690.403377,""
1137,2c5jGvG6LFciNitPVms7NRr8BmF3frmkZco9zdS4A1Z5,19,9,14.8786,15.3170,-0.4384,-2696309.39,254.49,0.00022,"axiom; paper_hands"
1138,EDixFvD6mukR5hdSvheitzwqxe5e8KXpgH5aLnKeWKcN,0,1,0.0000,0.4403,-0.4403,-640000.00,-94.75,0,""
1139,6nFfpBeAYrLkyRayXSFu1oMTosGV5wWoQbv7zMzQwSvR,0,2,0.0000,0.4422,-0.4422,-361509.48,0.00,0,"gmgn"
1140,9jdD548iDMGmVHE4oH8owmgp8tZTFJ2jcAS7A1uGyooj,1,1,0.0543,0.5012,-0.4469,-925455.51,-8.09,0,"paper_hands"
1141,FdhLgPVV9eT7LEEXonQx4TjmpoASH7qqiaG3bq7ETaYX,1,1,0.2990,0.7476,-0.4485,-753066.38,-2.75,0,"top_holder"
1142,9YtZ5uNjPve4LEUNVRGxDkf3nAQGMLkesMeGGtzCShuv,2,2,0.9131,1.3683,-0.4552,-923607.46,-291.30,0,"gmgn"
1143,CiUw5DDNtaCCvMReCpg7eDF13yWafKqGdQRyju5FUibu,0,1,0.0000,0.4578,-0.4578,-902020.32,-216.95,0,"gmgn"
1144,2fYLBpy4oCkxcaGevdujxznj3eb518pqXXCU1z8by1gq,0,1,0.0000,0.4648,-0.4648,-466754.63,-36.09,0,""
1145,EtD94GmutBh7YR19BfkYtdcmRN1dUaQRcsTKSwWVHU5n,8,5,2.5317,2.9966,-0.4649,-1033568.49,62.83,0,"paper_hands"
1146,95yMJ1wah4keVP4wiQvyhMhvn6zn1v9gjXFPBKJmAGiw,0,1,0.0000,0.4694,-0.4694,-747407.24,0.00,0,"gmgn"
1147,9VpcbcUzf7wNHqyNSgt8uEibVSWFY6oRGz2TMb4aUs8Z,0,1,0.0000,0.4835,-0.4835,-721961.12,-1006.73,0,""
1148,3U9ZJEmXywMCn7eNhe3haDHg2zCVNKrADK7w8gSEef5W,0,1,0.0000,0.4849,-0.4849,-643296.28,-44.14,0,"gmgn"
1149,EUJm5LjfH9ZtGpfKua3Tcjx5xPDvMLQhuJoP8CNZZQ47,0,1,0.0000,0.4897,-0.4897,-896950.63,-354.70,0,""
1150,AJoWgioP85GqZ88xaFJZGBT9sTQx8baFJueVcN2Pmin7,1,1,0.1079,0.5978,-0.4899,-774359.21,1.62,0,"gmgn; paper_hands"
1151,2wnESFLN3u6VkdZsNZBjat92pxXPN8b5hBDAv9qYsZ7D,0,1,0.0000,0.4945,-0.4945,-798670.60,-44.12,0,"padre"
1152,4ZQzs4CyFcVJQDwHyYtoK7kznPhiwUveaJtS5rymd8HJ,0,1,0.0000,0.4946,-0.4946,-739254.42,1989.15,0,"padre"
1153,FWDtfatcVRPChY73tkpDr99wEwdDv5moR6gitqq6s6aL,0,1,0.0000,0.4961,-0.4961,-345339.33,0.00,0,"paper_hands"
1154,xK85jgnYjRGKLWNUCPja3chnWvLDi7HhQUhVmaaNnQN,0,1,0.0000,0.4974,-0.4974,-335623.80,22.27,0,"trojan"
1155,5kJvhDvZwit44mP9eSaQAgVhzdsehhVjDBVjuHDN8re9,0,2,0.0000,0.5015,-0.5015,-678418.55,-682.65,0,"fresh_wallet"
1156,GAKBzRzZShU54rJSVQw9bHdDMCc9bZfwtx5sYEgAqZBs,0,4,0.0000,0.5071,-0.5071,-475704.14,-83.53,0,""
1157,F2ka6qTfnStp8XFXnJpFVFKZsn1DkruW8PnLV8iMjwNS,0,1,0.0000,0.5072,-0.5072,-1109842.81,-60.25,0,"fresh_wallet; padre"
1158,BdvrZpHdBXA5ucNTtqXHRCYU8cu8xEkrjwVgy3er24UP,2,2,0.7079,1.2181,-0.5102,-571893.60,31.96,0,"paper_hands"
1159,2tgUbS9UMoQD6GkDZBiqKYCURnGrSb6ocYwRABrSJUvY,31,35,6.2246,6.7389,-0.5143,-641138.78,249.54,0,"trojan; bundler; paper_hands"
1160,CthaBBMyXGRYTwst43fip221iM5Sw62cFyJqGpwYaDbZ,0,1,0.0000,0.5198,-0.5198,-1003425.58,-37.92,0,"gmgn"
1161,EA8xcpAiwkb5kts1EmzeyqhEjxJP294Fq5G7UxdWngzK,2,2,0.1338,0.6631,-0.5293,-838777.69,200.30,0,""
1162,9UF8L5oLMycj6e7VRmBWpMyhQdyKrgActUmktM9QNffj,2,3,0.2389,0.7684,-0.5294,-1013251.74,-70.50,3001739.329391,""
1163,5gGvXRMqGDABhZB8FksGE9m8qbGDsyZi1wEuUXqk9cCn,0,4,0.0000,0.5299,-0.5299,-1018892.12,0.00,0,"paper_hands"
1164,HSeMghgKw7x1hYWTKSG2cXvfaGTXRqTXos72YSTscuj7,0,1,0.0000,0.5338,-0.5338,-961774.74,-203.19,0,""
1165,2LXT3xrEK8st1Q2Cnq65MFAq7fyuZ5Z1wwka6WTmDVUX,0,1,0.0000,0.5346,-0.5346,-773384.77,-173.82,0,""
1166,H2xdRWrXbE4QNSZFpJUbUKTdhUZRFdiUQ2FYSLswVAmb,0,1,0.0000,0.5593,-0.5593,-875307.19,0.00,0,"gmgn"
1167,DrtcR3M4j2SK3ha8ihpehfqCes8aLhaASd7BJMJxqb5T,6,10,0.3793,0.9571,-0.5778,-529648.84,28.01,0,""
1168,57f5s5f9Mt1xFvjnJfvRz5zg5LATrVoBUjfHF4PQFzYH,0,1,0.0000,0.5783,-0.5783,-573108.47,-49.55,0,""
1169,A2UF6Qs9CqW15Ng481yAoLAZPF57VwJiZQPvGpT8RTQp,0,1,0.0000,0.5886,-0.5886,-1303931.11,0.00,0,""
1170,2pK3HBijVJsbfz2nCyNbEvN43KwA9Sie5xov9K7tiH7v,0,1,0.0000,0.6076,-0.6076,-603874.43,95.50,0,""
1171,6QhuhZUzk4dACKxKYodtQbN3TrVnC7vHiF9FQhSySvEb,0,1,0.0000,0.6111,-0.6111,-816629.27,-2134.98,0,"bundler"
1172,AbD6xdXCisLV2ZhjBNC7GPnUvvbDrQMvq2PWoSdbHLVu,0,1,0.0000,0.6135,-0.6135,-891175.34,-75.47,0,""
1173,Gsqc6oEUDtLVivUnBCvRTBmbVbtz8qf5fFT8PmCqLmSC,0,1,0.0000,0.6270,-0.6270,-534388.70,-84.45,0,"fresh_wallet"
1174,BsHDfvEdMt9NCk7GBFiBj5F8xzmRhg1XBA6pWDnRjETc,3,2,1.3575,1.9867,-0.6292,-643894.01,404.93,0,""
1175,Dd5SApUhbx8duukubWvMmzz6iB4wNSyx8Y41xSEMU46T,0,1,0.0000,0.6335,-0.6335,-1180579.78,0.00,0,"paper_hands"
1176,3s8DBPRzUkrsGqGfWwUJETx4krmjbEd4tFu3XyG2ftjn,0,1,0.0000,0.6530,-0.6530,-1462865.57,-82.28,0,"padre"
1177,HKULiBvm8EsGy2BPzV53NzdxHMyQjzyaB9YUi7ZPciGK,0,1,0.0000,0.6585,-0.6585,-1740182.63,-112.01,0,"fresh_wallet"
1178,Go8T1tsB4FME28yY8t1mbq7Tr2437VaFpwg8WqmHHsKD,0,1,0.0000,0.6660,-0.6660,-1020573.04,-309.10,0,"fresh_wallet"
1179,D81c9u17oc3vdb3zBurqvYHXGc7GhqwKMbUaUHjLeogU,0,1,0.0000,0.6676,-0.6676,-1741470.36,-111.70,0,"fresh_wallet"
1180,Hz3agZQdxtivqz4T6Y6Cgj724oQougRUn4hQao5ydM86,0,4,0.0000,0.6687,-0.6687,-1206518.13,-204.08,0,""
1181,Bkqq4U3SLK7atxrgriQwriwVHmPLbcpUZbNHbocEoUKF,0,1,0.0000,0.6806,-0.6806,-475972.27,19.43,0,""
1182,A8wvcMQDhK3Lch56pfu622LfJcv1deYqEZHoUPWGXD1h,1,1,0.1469,0.8533,-0.7064,-1377219.87,-10.75,0,"fresh_wallet"
1183,A3P3sTaWVde8o8FNHnAzFzkjENioNAs2JdpBwBVct2er,1,1,0.0113,0.7178,-0.7064,-1295884.41,-298.58,0,""
1184,Dfevpn87Zyamqb5bBLUG6HY2bxkyYvtZNmzxagZqpth,0,1,0.0000,0.7262,-0.7262,-729241.01,-147.20,1015989.992452,"gmgn"
1185,FTksSwnArNVBAtTvuSYZ94NW19YMFk5iELQJZkH86Y8J,0,1,0.0000,0.7301,-0.7301,-500000.00,-60.64,0,""
1186,GEXNn63G7g9ePZLyfQKAd6AVU3y6WxGL8HbmiskWia2i,6,2,1.6173,2.3496,-0.7323,-1701062.61,-119.27,0,""
1187,3MmSFxDSC3b4WjMgXVeyVD2buRcZMjZTsSoQojMCvEYH,2,3,3.0100,3.7486,-0.7387,-1161057.55,257.12,0,"trojan; paper_hands"
1188,DFvz6p9bBbt2op62sN4zYS43Hf6P9ExqJfjd3tp5vALh,1,2,1.9802,2.7189,-0.7387,-1322495.93,329.20,0,""
1189,JDnVpHmceNfENDFuR8VpgnsBqMq6CwyYRnbdT3wg2aUQ,0,1,0.0000,0.7440,-0.7440,-1646219.64,-91.71,0,"padre"
1190,3LDdZk5wPJVX3ZrR2LGrcG1HpEtCMAHS4Ru7nQjinf7X,0,1,0.0000,0.7450,-0.7450,-730563.95,-102.97,0,""
1191,AytzskeSi4Nk1CCZhyNfshhUDyJsneGccTpYDrTj3wiv,0,1,0.0000,0.7486,-0.7486,-1186598.18,0.00,0,""
1192,AKgPJAzQWyd2YSon2RriqRD9qTwfxwFirCQPWYZLgkPP,2,1,0.5732,1.3299,-0.7567,-1015266.02,-923.60,0,""
1193,3XkDY8oySiz68Es8XcKx8RGVvJngHNazfMYLzNFqRyrx,0,1,0.0000,0.7585,-0.7585,-702849.16,-228.98,0,""
1194,BkDUYsJET8vcsV1TVqTWLbmqKeus5yYDUiaafijZiNB5,3,3,1.1574,1.9255,-0.7681,-1618309.36,1027.78,0,"fresh_wallet; gmgn; paper_hands"
1195,4RY7bD98WSgAH4h71ny1ugeLNHgsRUbERVdFF8L1hHc6,0,1,0.0000,0.7715,-0.7715,-1116601.04,31.46,0,""
1196,6meJ3FqrKzDubYKpQEpnRctHwQcpUiKgm6M4ceQBNUnr,0,1,0.0000,0.7730,-0.7730,-1730931.10,-216.80,0,""
1197,H6d8v5iBC1tsrnEjaMCBh1jF2esJfwm3tdvCHBdwCq1b,0,1,0.0000,0.7908,-0.7908,-620722.37,-112.18,0,""
1198,BPYQZp5eKfk6QWGR5couWRHjpH2dcRgCdDNWhbeBhB9a,5,2,0.4857,1.2778,-0.7922,-959803.06,489.30,0,""
1199,DVLuAcKeXKioLa29dHVrWXXZQWKJEkvr8SF8kY8o1Fuf,2,2,1.2774,2.0739,-0.7965,-1997303.63,50.54,0,"paper_hands"
1200,B9gxrAMFX2b8yzjts3eQ7gykd29FDTMK9LoJNWVZGRKg,0,1,0.0000,0.8224,-0.8224,-1010843.63,-572.93,0,""
1201,GbVAL7UMcuhmUJMpTp3XXBF8Zp75AqSCY8oVgocgfU8R,3,3,1.3025,2.1301,-0.8276,-1689966.65,568.85,0,"photon; diamond_hands"
1202,88MsJ7RBxmFdFk1cWNHM5LSaN2mqymvWDRkFWU5pd4rm,1,1,0.3399,1.1692,-0.8294,-521461.14,14.44,0,""
1203,6e8Ar7VjE3R9Ggis6gXeatB2XewwiQeJgSbpfoLW1hv6,1,2,0.0294,0.8589,-0.8295,-588088.64,-138.82,0,""
1204,hfDsHJD58GBooJ5nZBXjCpU7PiLAJR57F792xxpBJws,2,2,0.7334,1.5660,-0.8327,-1191310.47,-58.26,0,""
1205,HHMSuR8E3Udj7w7mGfc2b6nhUnL3aZMp6RW8GvdGo8rM,0,1,0.0000,0.8344,-0.8344,-1283346.72,-556.71,0,""
1206,54F7zqN5hBeMK1SGNVFBLbtWfYUTJ2Cr9pc6zm2RRFoo,0,1,0.0000,0.8588,-0.8588,-1912218.80,-112.28,0,"fresh_wallet"
1207,8gojdwcUYz1GpXNCLxhC5nkuwhB5N3brcZzLMS6XB7Xv,0,1,0.0000,0.8753,-0.8753,-1750000.00,183.80,36745.377194,""
1208,6fvPSCGvST4dk3qWKXYtukyJihkEix6pJBUUX9Rq5hqa,1,1,0.1091,0.9896,-0.8805,-1382025.67,-72.46,0,""
1209,J5bukJ1f9hmuYvCwsAmtwgW2o8GBkdiYGxvL6QsReb9s,0,2,0.0000,0.8910,-0.8910,-640399.52,-885.89,0,"gmgn"
1210,9vLPYwqm2cSmLggDyCAUh9P3o8RQeXM7Kzz42mS2Pxma,0,1,0.0000,0.8995,-0.8995,-1697469.44,-0.02,0,"paper_hands"
1211,HGjvvRoLatgcsAzuHEMEDeVq7s9riWFuD8ABkxB9SHXe,0,1,0.0000,0.9070,-0.9070,-1697469.44,-0.00,0,"paper_hands"
1212,E9S3kV12JNL1BGmQjWJADZeZn7ACeTRvRhAN7g3Qe62R,1,1,0.1254,1.0381,-0.9127,-1804494.13,129.31,0,""
1213,2RZRdLLbkEj4oaM4YdFPJ7ogjxgTYGYHd2pYv6gqSWGA,0,1,0.0000,0.9150,-0.9150,-1272862.13,-966.84,0,"fresh_wallet"
1214,DtvmxrTACskMG2W8a6KXgSemUfvyNVeQTgfpJoGvMVKx,28,28,14.3297,15.2480,-0.9182,448697.06,1833.57,2178.891341,""
1215,4oqLr7WAC6VeLWnhDkw8QA4HFbxsT8iAgNbCXmNJzexZ,0,2,0.0000,0.9196,-0.9196,-1452817.43,40.63,0,"bundler"
1216,GW9Bp67tkr2TX8N5z3wsPcfUo4gCp7zgJwMVjX1VVX3v,0,1,0.0000,0.9206,-0.9206,-1697469.44,-0.02,0,"paper_hands"
1217,DDmyRFdHJBnfpRYz3hfvNy7AuX2Cmwmpjk3ZNKXxGdbM,2,2,1.0302,1.9822,-0.9519,-719526.55,3256.72,0,"bundler"
1218,8kgMuPFwVEf319b4VF34GNxAjovot7V91wEACZSaoujZ,0,1,0.0000,0.9548,-0.9548,-743126.81,0.00,0,""
1219,56S8X6wjuQ9FYLit4em9uPesjSMqCc67swJSJdAupNJq,0,1,0.0000,0.9606,-0.9606,-1701243.32,-2.28,0,""
1220,5d9BABptkop1ekU2Yy1iJHqcjn61fu6sv6N6abBeYgW5,0,1,0.0000,0.9707,-0.9707,-1958644.99,-1051.12,0,""
1221,Fh1BCqt8dVMjF7pJiJuj2vsMtiqVVNS1j8PKcg8uxnse,1,2,1.6075,2.6050,-0.9975,-2388729.62,-2099.58,0,"top_holder; diamond_hands"
1222,HGja5r5UQEs3Gid1h4rYV4cjY4RADY3TeTx762becVkq,4,3,1.6664,2.6645,-0.9981,-1295452.99,-5.39,0,"axiom; bundler"
1223,4A58kaFwUrnZzWsesn2EwK99ZhvXjuuqACmKn9qisevg,0,1,0.0000,0.9982,-0.9982,-1814174.55,-326.95,0,""
1224,BVC9JWp5s1jbrt9dkAzDQxH4SWxXt7Q1cWGMgMFYK1iR,0,1,0.0000,1.0071,-1.0071,-1109520.16,-691.22,29.408782,""
1225,BFM8HwoXSkBq1Feekh7GwXmhy9bLGe77Dzq2xaHBjQGV,0,1,0.0000,1.0444,-1.0444,-1013367.83,-7.80,0,""
1226,H1ceFyj2UuKxr2rtrMbZBRqznJPRggSFRuzE2cX57Lph,7,2,0.0499,1.1044,-1.0545,-893581.29,-213.13,0,""
1227,BWHdzvQLY4zVexvwnDxNBPMnGVELjBd3Uq4SoivKUQ8Z,1,2,0.4330,1.4891,-1.0561,-954040.95,69.92,0,""
1228,t5kkAnVmNE4sSB2KtrsqGKAyNBVyrerK1J5yNkuXH8S,2,2,0.1441,1.2070,-1.0630,-2158624.84,26.62,0,""
1229,HJvFeXepWsdU7hhcbGm2GCH3D7YjrpwS6KWCsAAxHzt6,0,1,0.0000,1.0669,-1.0669,-2433093.09,-148.76,0,"fresh_wallet"
1230,BgHqvdejop9oDsYKczH3NbRasqTB6sgVLoURrHvp3BBd,0,1,0.0000,1.0817,-1.0817,-2489540.55,-160.71,0,""
1231,8RNwNgDUym9aB4kbaKdgDnnKKmQjnKwqHYHPGQUS9vND,0,1,0.0000,1.0891,-1.0891,-1393643.31,920.73,0,"trojan"
1232,DZwgxGwTzaqFV91dBnoTeJWbirA4MCjwVNJ5jFfCpsSC,0,4,0.0000,1.1006,-1.1006,-2058277.01,-319.27,0,""
1233,GhnZGdRWwGp5Ck216kqfqQ754eaafqSS6qMMnwcZw1ir,5,4,1.5231,2.7301,-1.2070,-1893657.64,2283.29,0,"paper_hands"
1234,FCcR39UR4XN2Mb3nhFQmgqazwL9X4syX3ZxRVm49G2K7,2,1,0.7937,2.0018,-1.2081,-3663117.98,-23.87,0,"bullx; axiom; padre"
1235,61xTewfFak1eCXZ53R6QieGNCMxgibfhdrqdYbkDi2Ky,1,1,0.1968,1.4110,-1.2142,-1836182.36,1855.95,0,"fresh_wallet"
1236,F9FgTs6VEvVkH42sDUTf45dn3AxSaJCYtHmLCg3veJGg,0,2,0.0000,1.2213,-1.2213,-2500000.00,-1486.49,37500000.004526,"top_holder"
1237,7pQm2mFayUz6rLXwGSXYddKqAn6Lmk72CDgW4T3R9T2e,4,3,1.2153,2.4835,-1.2682,-2165819.44,-17.73,0,"paper_hands"
1238,59vKr6rziw1e4RU256WMtFUd5k5f85hcGxnGLbybmCtv,1,1,0.2834,1.5640,-1.2806,-1238345.13,-146.56,0,""
1239,FJyFzGMFyJALfd7R9PANSZY7WjPbhV4p6HmsHcp5hPG1,7,6,3.1367,4.4268,-1.2901,-2298593.45,-441.21,0,"axiom"
1240,HAWK3BVnwptKRFYfVoVGhBc2TYxpyG9jmAbkHeW9tyKE,6,9,4.3377,5.6487,-1.3110,-4605527.59,0.00,0,""
1241,EgtsW6ejMc9bKevZ3oWQzsxif7Tn5ErETg8u1tJ6We6X,0,1,0.0000,1.3224,-1.3224,-1026165.80,-362.38,0.000001,""
1242,ALZVBPq5ZFmMUwSdxp8i2RKDBmb3K7Hzd699paNvDaW7,2,3,6.8511,8.1900,-1.3389,-1929748.62,-289.09,0,""
1243,HZ6MYCkudsxrhjQa7FZPEsNwS2LRDZkbABbt7ayL7QPX,3,5,0.7391,2.0947,-1.3556,-2129502.56,934.70,0,"gmgn; top_holder"
1244,DiBiwF5kwvhFc5EGkXE6Pje3XoqMmWjvE9MVtXjZhfft,4,2,2.4397,3.8027,-1.3630,-1868613.46,-592.02,0,"bundler"
1245,AdibXCFLKV9k4EBFqMBEXC1M9dA6HTRP8So7GZ5TVe6E,4,10,0.5362,1.9376,-1.4014,-2765117.30,-108.42,38.407956,""
1246,3LGXoogX4817PPuRecyfmtLwht86nn8PPMUMDXtvPu3h,1,2,1.3203,2.7283,-1.4080,-1374331.03,-30.29,0,""
1247,DiQH7CqY5tv1a1cbJbGZg3SMw25UeiX25vukEgfTtYUr,1,1,0.0280,1.4737,-1.4457,-2117693.69,46.61,0,""
1248,9F8MxmDTGWLTkPfv1BnpR8PfBk7SiAgCNjYHbxWFHaJu,0,5,0.0000,1.5042,-1.5042,-2902368.30,-418.07,250000.042597,""
1249,2AVNrYuBMB8kCPiR75QmYXdXRFxvFuA2fJecKHmNyHdc,0,1,0.0000,1.5061,-1.5061,-1675822.40,-243.47,0,"fresh_wallet"
1250,436h85qXhByXQG4pkxdrD4CYQFRuJ3UPR5YdfUuL6v24,2,2,7.4010,8.9153,-1.5143,-1266529.71,3.63,0,"padre"
1251,HXH8PbiQX47rbmnVEq7JZdZ7bHGELwWkjoPXS3g2HkQH,0,1,0.0000,1.5315,-1.5315,-2613955.35,568.81,0,""
1252,8ptXf99NsgvNuRAu8oiRtZn5kqqWC6FYyZAZ6ddgyrS1,4,3,0.8123,2.3689,-1.5566,-2939400.45,208.11,0,""
1253,9YRQaLtBQVZeoVBtKVYPSjHn8niy4whbuffv8mnn1Pa3,1,1,0.0861,1.6444,-1.5584,-1393877.48,-5.95,0,""
1254,CZtYg3XzHPf6TPKKcSDWHEHWWDGCuHUnvwqJEDrbS9M5,0,1,0.0000,1.5920,-1.5920,-2155233.98,-452.19,0,""
1255,F93ifUNv1Z9TxGn5dMMhNUfJseyAjAiQ3mjnYp2D2NpD,0,2,0.0000,1.5961,-1.5961,-3447053.01,-105.45,8743596.343066,""
1256,HRnGiwh99qS6XfHMhRmyt8YWWtiNn3RjDoihHvqc6j8G,0,1,0.0000,1.5990,-1.5990,-1413154.94,-311.30,0,""
1257,2bFfDdx6tqqYa4Gwq2xgjCyQ6wRPfRWg6g1B5Uy8PTea,3,1,1.2102,2.8305,-1.6203,-2767350.77,34.14,0,""
1258,E7cFHtno1DMjjnbQT97Zs5ohRjGUw4XueeJZdXBjByr8,0,1,0.0000,1.6664,-1.6664,-2486090.41,-324.04,0,"gmgn"
1259,DAjfqePWaGvZg2TXde9nfkL11grDshXAFYS4X3yfhjW3,3,4,0.1666,1.8571,-1.6905,-2274271.71,105.75,0,"gmgn"
1260,rKufYGaQVM4yKRZW655zPX1XebKw9FDz51ctupxsJLL,0,2,0.0000,1.7732,-1.7732,-3480468.75,-1304.04,0,"sandwich_bot"
1261,Fm42oi1NzCiBX1wsN2CxiZdU8AUWdUKzN2xPYkq9ftX3,0,1,0.0000,1.8223,-1.8223,-2505929.95,439.74,0,""
1262,FqHFB5u8cuqRHAn1TQBbfzzf9YqSpF9VvDDuCcLcwdtw,3,2,1.9644,3.9179,-1.9535,-833369.51,84.16,0,""
1263,Crp1FLdEn74L3K8CFrNbyuHCuuPquXTMMC5HdVRaavV7,0,1,0.0000,1.9866,-1.9866,-1553751.73,-262.28,0,""
1264,nonofjCpDeEbRWnA82HENffi74FEGo4XTn41v2XWiJh,0,1,0.0000,2.0120,-2.0120,-1415818.10,386.93,0,"bundler"
1265,GBEpecBK8CdkxxLeGdwkq1S5yFhV5zqGAE2XTxSTCRG5,8,7,1.1269,3.1453,-2.0184,-2436924.21,1940.14,0,"diamond_hands; top_holder"
1266,DpkSo9LQHbJqGZZtwhFTbaW3oRCnxfoZS9oo1iaAmxse,0,1,0.0000,2.1577,-2.1577,-1983000.00,-1388.05,0,"fresh_wallet"
1267,8obQHbzrzSmU2vZHFeHZ4of4Px3q1q1XNGaC8XMPvsvK,0,1,0.0000,2.1596,-2.1596,-3468598.66,-141.81,0,""
1268,DPQYmPy3JmJZUP2dh2TXcvSxhVs1iFykbhDZ83VFdMYE,0,1,0.0000,2.1639,-2.1639,-4154362.29,12.88,0,"bluechip_owner"
1269,324xNwhX3hSJ3CUkSP23FQrmq3ccU1ab3MtqcLLiGf5c,0,1,0.0000,2.1871,-2.1871,-3732633.34,-816.60,0,"axiom; bundler"
1270,3wu1JyL4WFqbqRtJbV9n3LqLVLoBT84gnt15Powbwg7n,0,1,0.0000,2.3193,-2.3193,-3341522.38,-194.83,0,""
1271,4KUMdkL4p2Kb5B7teBD6rEyhgTQZqRfJxQfVxaxk67TN,0,1,0.0000,2.3216,-2.3216,-3823788.69,0.00,0,"paper_hands"
1272,DHDhS1jUa1PkJmkqNqAnAzYYfC4y2Xkc5TpKUWKGMaSe,5,2,5.5110,7.8379,-2.3269,-2670874.29,-253.33,0,"bullx; trojan"
1273,41gKswharoonsLU4ZQLsszkneysvq3ri6MECkm4LPMnd,1,2,2.0040,4.4244,-2.4204,-2468753.14,232.01,0,"trojan"
1274,1eveYYxZ2mDiAnmCh3fnAbJwjgErzokRA1b6UrRybSM,6,7,11.0617,13.5116,-2.4500,-2178674.72,1818.97,0,"paper_hands"
1275,J7DVvBcgMAzNppjUbihRBfThAAcUwmhdPRRM4S5tt38M,0,1,0.0000,2.5751,-2.5751,-3743135.59,11.10,0,"axiom; bundler"
1276,APkGv3PxJWbTNc7x5mPGUhNdnq95HH4p2qzxBMj3fjYY,2,3,0.4169,3.0524,-2.6355,-3797661.88,-1346.65,0,""
1277,67EHXvi5LUkN33NMXdXWyKaAdAHC1QPDuQHbKDMYLvpn,1,9,0.3603,3.0326,-2.6723,-2580400.64,-5039.43,0,""
1278,7BNaxx6KdUYrjACNQZ9He26NBFoFxujQMAfNLnArLGH5,1,2,3.3483,6.0644,-2.7161,-2837180.88,591.73,0,"bundler"
1279,ARNZSdpFx5PAZBNWK7UJ1pR8P9cK7jNmgX9YwY3rAZXz,0,1,0.0000,2.7239,-2.7239,-4655486.11,1746.48,0,""
1280,hnu5iBK8UoHb51UFsH1RYTUAYdrhjHvV5YMTf9T1CYN,13,8,14.6487,17.4076,-2.7589,-3564861.33,1420.82,0,"bundler"
1281,D4XvcUGQgY2rorM6YMWQaxKD6t27xtnJu4CBxSyWQ887,4,2,2.0162,4.9574,-2.9412,-4491018.44,-936.36,0,"padre; axiom"
1282,4egHs2bR7MNnWSuPv6Gq4HhJRBGimnACbewUBGXA8PGS,5,5,1.3807,4.3322,-2.9515,-5743893.37,-159.55,0,"bluechip_owner; paper_hands"
1283,5zf7uryG7jXMEnKvSM2WmmHcJu3Q2fXBpUjZkE7XC2Xr,1,3,0.0391,3.0811,-3.0421,-6782589.32,-146.69,0,""
1284,5RDZTp6zqcN3NBjUSdxJzzF1662M1jDfMNGkNt8fpfwg,0,3,0.0000,3.1311,-3.1311,-2726440.02,-215.00,0,"axiom"
1285,FVnRiHQdmgZTkvEToHSLXm23ocbHERyphvdQmofDQWmE,0,1,0.0000,3.1524,-3.1524,-2900725.99,-423.53,0,""
1286,DHa1PmMwoSfWNpc2cgMKUsykQt75tpLayD63moAk8nKz,0,1,0.0000,3.1601,-3.1601,-2757616.00,419.13,0,""
1287,By1wK1ugSaDmaGuJTo3yjccrJFubx4KG1aVALjXUNZRT,1,2,2.9407,6.2155,-3.2748,-2863343.58,-0.95,0,""
1288,CogH8XVFdLBkYpdJH8CHoJKrBZxwuU95LFvQCeWYbm6N,2,2,1.1652,4.5063,-3.3411,-5823671.70,-93.61,0,"trojan"
1289,tD8g8LSF8Tffad36Vh2QNHpEpW5TPwngkFecE3fQio2,0,1,0.0000,3.3487,-3.3487,-3549763.74,769.53,0,"bundler"
1290,FfEziZ2ex4VM1pGftziEAtVZ6Y6N58E9qGCyTZXVPMrv,0,1,0.0000,3.3888,-3.3888,-2453586.87,-226.33,0,""
1291,HePHY1fXatX4fLFskWuXrh3bFsMCWtpXLi2NRMCUcPjw,1,1,0.4046,3.9890,-3.5844,-7926216.03,-31.05,0,"padre"
1292,AQoYqPitEXPP4iPDDuvXyiQTUzppSadSc3sYE25UYiFF,0,1,0.0000,3.6645,-3.6645,-6983522.68,0.00,0,""
1293,75ZGm6Q9tvqjHuAj1QNbtN1fUGoP6yGYLXoG8mCS4s9j,4,1,12.4695,16.4143,-3.9448,10410599.42,10548.46,0,"top_holder; diamond_hands"
1294,C3uyK3pjPisLVGYF6duwkkyTx1TLa61jhcNE8ZQ3xXFy,3,2,5.5881,9.6389,-4.0507,-4282186.65,102.43,0,""
1295,7TaeH9R8e5dSc7quueBLSxewc5cjJyg2oGTn5VsTrXqz,2,2,0.1446,4.5283,-4.3837,-9346238.67,-728.98,0,""
1296,54Pz1e35z9uoFdnxtzjp7xZQoFiofqhdayQWBMN7dsuy,12,24,3.6581,8.1950,-4.5369,-8734462.56,-162.61,0,"sandwich_bot; bluechip_owner; bundler"
1297,3KqokdWWyY1C2fRqF3PSmtXN2sK8LsxFBcNwjp5FJwT9,0,1,0.0000,4.8827,-4.8827,-12081666.36,-823.06,0,"axiom; top_holder"
1298,3siEFJYTGfiiSnBtximAZPB7LDhWF7ySK9NEViE3tb1S,0,1,0.0000,5.2394,-5.2394,-11624660.77,79.97,0,"top_holder"
1299,2LUYq7EyjHCgVjv9tnE2AcYQcrjnEeD22hQdWN4S6y7W,0,6,0.0000,5.5560,-5.5560,-9082702.76,-7.44,0,""
1300,2m6AnVjA4yJJ4nM2GBS4mA5TG2JxMQXUKVNvauVuiT4h,8,2,2.8433,8.8249,-5.9816,-5396163.73,-4001.92,0,"fresh_wallet"
1301,9vfEkzRtWUk1zciBzjj7eUprtqT7jrRi5yZGtNvdPyV2,0,1,0.0000,6.8951,-6.8951,-15596385.36,3762.10,0,"padre; top_holder"
1302,EWmupEbp49YFw9YFiBByAkX6qjaQRYjhZGewWVZzo8MD,1,2,6.0120,13.4323,-7.4203,-4563507.86,521.49,0,"trojan"
1303,CufzkLMmC7U92yQnBZBWZimW8AVewmiRC5yUZHuMpaMw,0,1,0.0000,7.5430,-7.5430,-8771914.19,0.00,0,""
1304,D6XMjBQ1S1UuK3RCV7F6q3v33UQfd64LpDnkwVwVwss,0,1,0.0000,7.8768,-7.8768,-16148046.30,2944.28,0,"padre; top_holder"
1305,4sB9i1Q9M2NurWwPFGbaSrsvwefswrFyoXK376Vgm9ts,0,1,0.0000,14.6261,-14.6261,-21583341.31,1021.65,0,"top_holder"